OBJECTID,Name,pop_total,med_hh_income,pct_hh_below50k,pct_hh_50_100k,pct_hh_100k_plus,med_gross_rent,pct_renters,pop_change_pct,pop_density_per_km2,pct_18_34,pct_35_64,pct_65plus,pct_bachelors_plus,avg_hh_size,pct_commute_drive,pct_commute_transit,pct_commute_walk,pct_wfh,med_home_value,pct_vacant,pct_vacant_for_rent,pct_vacant_for_sale,pct_vacant_distressed,pct_owners,pct_pre1950,pct_moved_past_year,pct_poverty,pop_total_prior,pop_change_abs,pop_change_pct_vs_city,med_hh_income_prior_adj,income_change_pct,income_change_pct_vs_city,med_gross_rent_prior,rent_change_pct,rent_change_pct_vs_city,med_home_value_prior,home_value_change_pct,home_value_change_pct_vs_city,pct_vacant_prior,vacancy_change_pp,vacancy_change_pp_vs_city,pct_bachelors_plus_prior,edu_change_pp,edu_change_pp_vs_city,market_signals,male_18_19,male_20,male_21,male_22_24,male_25_29,male_30_34,female_18_19,female_20,female_21,female_22_24,female_25_29,female_30_34,male_35_39,male_40_44,male_45_49,male_50_54,male_55_59,male_60_61,male_62_64,female_35_39,female_40_44,female_45_49,female_50_54,female_55_59,female_60_61,female_62_64,male_65_66,male_67_69,male_70_74,male_75_79,male_80_84,male_85plus,female_65_66,female_67_69,female_70_74,female_75_79,female_80_84,female_85plus,edu_total_25plus,edu_bachelors,edu_masters,edu_professional,edu_doctorate,hhinc_total_hh,hhinc_lt10k,hhinc_10_15k,hhinc_15_20k,hhinc_20_25k,hhinc_25_30k,hhinc_30_35k,hhinc_35_40k,hhinc_40_45k,hhinc_45_50k,hhinc_50_60k,hhinc_60_75k,hhinc_75_100k,hhinc_100_125k,hhinc_125_150k,hhinc_150_200k,hhinc_200k_plus,rent_total_units,rent_lt100,rent_100_149,rent_150_199,rent_200_249,rent_250_299,rent_300_349,rent_350_399,rent_400_449,rent_450_499,rent_500_549,rent_550_599,rent_600_649,rent_650_699,rent_700_749,rent_750_799,rent_800_899,rent_900_999,rent_1000_1249,rent_1250_1499,rent_1500_1999,rent_2000_2499,rent_2500_2999,rent_3000_3499,rent_3500_plus,homeval_total_units,homeval_lt10k,homeval_10_15k,homeval_15_20k,homeval_20_25k,homeval_25_30k,homeval_30_35k,homeval_35_40k,homeval_40_50k,homeval_50_60k,homeval_60_70k,homeval_70_80k,homeval_80_90k,homeval_90_100k,homeval_100_125k,homeval_125_150k,homeval_150_175k,homeval_175_200k,homeval_200_250k,homeval_250_300k,homeval_300_400k,homeval_400_500k,homeval_500_750k,homeval_750k_1m,homeval_1m_1500k,homeval_1500k_2m,homeval_2m_plus,tenure_total,tenure_owner,tenure_renter,housing_total_units,housing_occupied,housing_vacant,vacant_for_rent,vacant_rented_not_occ,vacant_for_sale,vacant_sold_not_occ,vacant_seasonal,vacant_migrant,vacant_other,yrbuilt_total,yrbuilt_owner_2014plus,yrbuilt_owner_2010_13,yrbuilt_owner_2000_09,yrbuilt_owner_1990_99,yrbuilt_owner_1980_89,yrbuilt_owner_1970_79,yrbuilt_owner_1960_69,yrbuilt_owner_1950_59,yrbuilt_owner_1940_49,yrbuilt_owner_pre1940,yrbuilt_renter_2014plus,yrbuilt_renter_2010_13,yrbuilt_renter_2000_09,yrbuilt_renter_1990_99,yrbuilt_renter_1980_89,yrbuilt_renter_1970_79,yrbuilt_renter_1960_69,yrbuilt_renter_1950_59,yrbuilt_renter_1940_49,yrbuilt_renter_pre1940,commute_total,commute_drive_alone,commute_carpool,commute_transit,commute_walk,commute_wfh,mobility_total,mobility_same_house,mobility_moved_same_county,mobility_moved_diff_county,mobility_moved_diff_state,mobility_moved_abroad,poverty_total_denom,poverty_below,pop_in_nsa,wtd_avg_hh_size,area_km2,pop_18_34,pop_35_64,pop_65plus,edu_bachelors_plus,pct_commute_carpool,pop_moved_past_year,hh_below50k,hh_50_100k,hh_100k_plus,vacant_distressed,units_pre1950,med_hh_income_prior
16,Belair-Edison,19572,55104.0,45.4,30.9,23.7,1391.0,43.7,-11.8,9234.6,21.2,41.0,11.9,18.3,2.43,63.3,11.9,2.7,6.7,139019.0,11.3,1.5,0.1,9.6,56.3,43.2,,,22199.0,-2627.0,-17.3,46937.36462093862,17.4,9.3,1143.7898089171974,21.6,0.0,104779.41176470589,32.7,1.4,15.1,-3.8,1.4,15.9,2.4,0.5,Renter demand rising,142.0,257.0,117.0,382.0,663.0,383.0,243.0,81.0,46.0,369.0,404.0,1066.0,624.0,411.0,510.0,613.0,453.0,240.0,326.0,757.0,964.0,841.0,715.0,663.0,443.0,474.0,288.0,232.0,168.0,100.0,93.0,3.0,253.0,352.0,465.0,141.0,95.0,146.0,12886.0,1282.0,907.0,43.0,124.0,8043.0,777.0,441.0,272.0,319.0,256.0,429.0,401.0,397.0,363.0,718.0,922.0,843.0,904.0,204.0,579.0,218.0,3514.0,0.0,0.0,0.0,117.0,82.0,19.0,54.0,24.0,124.0,7.0,20.0,0.0,196.0,31.0,49.0,56.0,52.0,436.0,861.0,1085.0,294.0,0.0,0.0,0.0,4529.0,103.0,61.0,56.0,10.0,22.0,11.0,31.0,110.0,40.0,26.0,39.0,13.0,219.0,1159.0,650.0,451.0,313.0,572.0,213.0,245.0,91.0,33.0,32.0,11.0,0.0,18.0,8043.0,4529.0,3514.0,9068.0,8043.0,1025.0,138.0,0.0,13.0,82.0,0.0,0.0,792.0,8043.0,4529.0,0.0,39.0,170.0,18.0,39.0,42.0,93.0,1513.0,1368.0,1247.0,3514.0,0.0,266.0,166.0,40.0,170.0,306.0,316.0,275.0,8124.0,5145.0,975.0,964.0,223.0,543.0,0.0,0.0,0.0,0.0,0.0,0.0,0.0,0.0,14647.17581815037,2.428169837125451,2.1194209989280544,4153.0,8034.0,2336.0,2356.0,12.0,0.0,3655.0,2483.0,1905.0,874.0,3472.0,41245.48736462094
4,Brooklyn,11818,39990.0,62.4,22.5,15.0,1153.0,51.1,3.0,5349.1,22.3,39.9,8.1,10.1,2.49,72.3,9.3,2.7,3.7,104093.0,16.0,5.6,0.0,10.4,48.9,34.6,,,11469.0,349.0,-2.5,47121.37724550898,-15.1,-23.2,927.6470588235294,24.3,2.7,95625.0,8.9,-22.4,25.6,-9.6,-4.4,8.4,1.7,-0.2,Affordability stress — rents outpacing incomes,305.0,62.0,24.0,197.0,366.0,406.0,88.0,13.0,90.0,153.0,334.0,601.0,717.0,271.0,681.0,237.0,412.0,79.0,88.0,456.0,431.0,379.0,273.0,449.0,91.0,150.0,186.0,64.0,63.0,63.0,37.0,18.0,45.0,218.0,88.0,103.0,54.0,21.0,7381.0,488.0,159.0,66.0,33.0,4729.0,673.0,171.0,431.0,77.0,403.0,369.0,241.0,363.0,224.0,396.0,304.0,366.0,253.0,205.0,47.0,206.0,2415.0,55.0,59.0,0.0,28.0,39.0,87.0,0.0,24.0,0.0,0.0,0.0,73.0,0.0,70.0,52.0,64.0,201.0,609.0,441.0,361.0,21.0,39.0,0.0,28.0,2314.0,39.0,17.0,0.0,38.0,165.0,0.0,15.0,7.0,124.0,150.0,411.0,29.0,88.0,452.0,149.0,38.0,39.0,186.0,105.0,230.0,8.0,12.0,0.0,12.0,0.0,0.0,4729.0,2314.0,2415.0,5631.0,4729.0,902.0,314.0,0.0,0.0,0.0,0.0,0.0,588.0,4729.0,2314.0,16.0,0.0,378.0,261.0,101.0,31.0,53.0,527.0,410.0,537.0,2415.0,0.0,65.0,20.0,41.0,119.0,183.0,237.0,461.0,5027.0,3637.0,543.0,465.0,136.0,187.0,0.0,0.0,0.0,0.0,0.0,0.0,0.0,0.0,9505.911390639803,2.4949566504546414,2.2093508854422286,2639.0,4714.0,960.0,746.0,10.8,0.0,2952.0,1066.0,711.0,588.0,1635.0,41407.18562874252
5,Canton,13957,153797.0,10.3,19.7,70.1,2286.0,35.7,6.1,9474.9,47.2,34.5,8.0,79.7,1.94,62.8,3.3,4.0,24.7,376442.0,8.9,2.3,0.7,5.8,64.3,6.4,,,13157.068887644695,799.9311123553052,0.6,131208.06021854508,17.2,9.1,2061.7227929529117,10.9,-10.7,320896.84683886793,17.3,-14.0,14.7,-5.8,-0.6,71.6,8.1,6.2,Young adult population growing,15.0,8.0,0.0,238.6887579799809,1163.378099218242,1587.9037699619782,16.0,0.0,2.6444035187375805,266.0836654794889,1753.8590983241866,1537.7921656225399,835.7544868245585,444.66742157999994,271.32694272261074,297.76153259696514,449.73833785554666,89.8715735770069,126.93744744291092,1019.8915467126841,340.8802762105013,253.30929814596283,189.5835202746595,312.8996053546847,55.43227648720841,133.05034003182084,106.05237875301488,36.90226162954832,131.5848255780735,86.01888881672751,53.503977525472656,77.83657847775662,111.96595062248673,106.91399023400253,128.00888308632187,143.72599511916056,34.02184668219182,98.02780486824413,11978.601120337069,4988.244982148661,2654.003685506943,1264.1384397683883,641.2165048643299,7050.178558261961,110.6539026968122,111.04388624040595,139.02135470409004,128.87012676772426,13.037735178331324,80.54484454279313,16.067526108592897,107.94917604736513,16.503977525472656,182.93741839276404,406.95632450085185,797.1535708454462,762.2628701593206,544.760041484872,1413.223973609258,2219.1918294578604,2519.569714678009,0.0,0.02780486824413385,0.043693364383638904,0.0,0.0,0.0,0.0,0.0,12.0,38.0,0.0,33.0,0.0,0.0,13.0,0.043693364383638904,21.0,37.5022261169961,92.71593491598546,511.93275923947726,850.9333350890331,568.9041959588776,196.3486676077995,115.203413918826,4530.608843583952,22.0,0.0,0.0,11.0,23.0,0.0,0.0,0.0,0.0,12.0,0.0,0.0,0.0,7.0,13.475281370207153,8.964814186637396,107.82960283768665,284.43088991365374,767.7974831488247,1318.3864790624748,913.0894745644371,796.9439151378411,156.9684803342721,70.72242302791723,0.0,17.0,7050.178558261961,4530.608843583952,2519.569714678009,7736.762838884335,7050.178558261961,686.5842806223744,180.505113961322,0.0,55.055609736488265,0.0,9.0,0.0,442.02355692456416,7050.178558261961,4530.608843583952,0.0,122.21245084596934,506.7841346715811,147.5073986129235,235.65987047082814,46.19648544899239,16.0,138.61836210430147,130.2064424232932,3187.4236990060626,2519.569714678009,10.577614074950322,632.0204401198351,292.1767851422522,106.92753746634222,152.09566071584152,20.204814744663363,95.9546582210178,89.16386268225395,10423.414496585268,6550.054121995123,274.0124782574311,344.6385815547731,414.9891830691438,2575.9711571036555,0.0,0.0,0.0,0.0,0.0,0.0,0.0,0.0,12681.973302771547,1.9435745947965184,1.4730573379170309,6589.3499601051535,4821.1046058171205,1114.563381393001,9547.603612288322,2.6,0.0,723.6925298115876,1387.0473137390622,4939.438714711311,451.02355692456416,453.94332543086637,115297.06521840519
17,Charles Village,14041,59664.0,44.6,27.6,27.9,1247.0,69.3,-15.7,20585.3,51.7,30.7,8.7,65.8,1.83,38.1,12.7,20.2,19.4,293389.0,12.4,4.3,0.3,7.9,30.7,19.1,,,16656.5319543547,-2615.531954354701,-21.2,53294.093638084785,12.0,3.9,1080.6640467116792,15.4,-6.2,239328.37006888667,22.6,-8.7,13.9,-1.5,3.7,61.2,4.6,2.7,Significant population loss,820.0,368.5064957920307,274.11778298995887,542.4570058222716,931.3911077252584,698.3399071682928,949.0,555.0,360.0,365.7682605336486,683.6016224003215,713.3793496932201,653.0992996683236,331.8618431235509,269.5861776058741,202.8762750756024,372.2764174032966,127.71968438710716,259.74640554718945,420.33648599387993,403.62171728998504,285.81647207301535,165.70792635506893,505.43103191658906,67.97942344393311,239.61455984357372,79.92747563256793,133.72631065752597,149.57217781063687,184.92036769574574,32.96103914147611,0.0,53.908609663707516,155.75351348401162,146.68783146540545,113.88926202844371,97.0,67.90909133011093,8548.641385623714,2589.1068309843495,1849.4003001189017,350.0044881576182,840.1703341581765,6193.307249189822,783.705734101459,308.98236295194266,317.76532102563897,169.88311742442832,322.7351291815546,290.8725883131932,203.90909133011093,197.7407921191666,164.91571760052972,347.8402537250881,634.4900876647764,724.2325903711495,355.39308390046114,425.3893971380519,450.95473259986284,494.4972497424079,4291.348932993118,12.0,0.0,0.0,21.0,65.0,32.0,0.0,70.0,0.0,13.0,0.0,2.0,29.0,128.9853024599522,78.90909133011093,132.89610437726964,185.66923108454134,1380.2852359273252,716.947088855828,894.4565736654574,423.3725568539834,33.93041514057748,34.98824196796178,16.961039141476107,1901.9583161967034,7.0,6.909091330110919,0.0,10.0,0.0,2.9911814759713344,0.0,19.0,0.0,0.0,0.0,15.922078282952217,4.935065235793513,72.8135325650058,81.85618018593892,97.78045072250103,43.979423443933115,234.84981950351641,406.7216605623099,522.9378428062053,213.02084677528327,120.43594759980138,14.805195707380541,26.0,0.0,0.0,6193.307249189822,1901.9583161967034,4291.348932993118,7070.809842141036,6193.307249189822,877.5025929512144,302.6973972438338,102.0,19.0,0.0,18.0,0.0,435.80519570738056,6193.307249189822,1901.9583161967034,0.0,14.955907379856674,98.0,55.93629415659659,51.0,18.0,35.91742818773618,78.40088958209385,29.979423443933115,1519.7683734464872,4291.348932993118,0.0,176.0,208.0,89.97942344393311,216.77606621528128,248.86841988438056,430.83068794665974,645.4109370269256,7292.67366607101,2776.899206307707,321.77334278567884,923.3786024388205,1470.3830905964387,1415.3844726772293,0.0,0.0,0.0,0.0,0.0,0.0,0.0,0.0,8705.706384376577,1.8301868644705983,0.6820897667559938,7261.561532125003,4305.67371972699,1216.2556789096318,5628.681953419045,4.4,0.0,2760.509854048024,1706.5629317610142,1726.2344633807838,555.8051957073806,1184.6219379996123,46831.36523557539
6,Downtown,6939,67911.0,25.2,50.3,24.5,1773.0,95.4,45.2,6579.1,58.9,34.6,3.0,72.0,1.32,49.4,6.6,15.8,23.5,305391.0,8.8,3.5,0.0,5.3,4.6,14.5,,,4777.504861963968,2161.4951380360317,39.7,72907.6621748214,-6.9,-15.0,1492.0019954250952,18.8,-2.8,269938.2913831285,13.1,-18.2,18.3,-9.5,-4.3,84.2,-12.2,-14.1,Young adult population growing; Affordability stress — rents outpacing incomes,45.23091034623037,32.9251141532842,9.21338338364978,245.80979778674748,794.2228032862334,948.243762562384,79.46636511768526,102.88733421804179,27.938450437430397,266.5100558970863,1050.4783138045395,483.75233518584133,601.8849951834233,210.54193089484147,115.42059286832765,268.2339496204993,216.9386095687347,68.97898086828583,118.62276014047245,349.1664410910048,44.0650297908647,122.06770428365337,110.28453833972226,173.05883503813172,0.1999046444689758,0.25241678371959864,1.316197626235683,31.20009997079387,0.4565208807615244,6.210645050325946,0.0936910175182311,22.314836092613437,0.21656336484139044,0.027764533954024416,107.19486511056553,36.40389880119716,0.006727111491401924,0.4720499828233903,5882.32776349827,2087.183698913486,1096.034876809884,705.199738570135,344.6986477784767,5053.612826848894,343.6051962156399,78.73601243246652,159.14224744266636,191.968809763314,75.64768919432395,111.89361573091402,119.04976849704792,149.32769820791648,43.98136509623638,758.946119245347,937.6330224290208,847.2298207864781,468.62146912758203,274.83248044263945,221.5225206845897,271.47499155271134,4820.919701807015,0.0,0.018678583727366062,0.0,21.12920943727061,8.907229067354653,13.344277307620484,0.005979654659023933,0.0,0.24617485828827151,0.6330313741517567,0.0,0.0936910175182311,0.0,2.70161829856397,0.0,2.425755062851868,19.92144439822553,190.3580216086332,1046.147986543478,1924.436636923598,1000.6101673850734,318.95410902762615,166.9891725659564,0.00907854214729758,232.69312504187874,0.0,0.0,0.0,0.0,0.0,0.0,0.0,0.0,0.0,0.0,0.0,0.0,0.0,0.0,0.0,0.0666348814896586,0.07774069507126836,88.04138689846522,23.053823194356916,94.72820669729292,5.703523047021293,21.02180962818147,0.0,0.0,0.0,0.0,5053.612826848894,232.69312504187874,4820.919701807015,5542.353115661436,5053.612826848894,488.74028881254225,194.15931537743327,108.82056113416401,0.0,0.08715400461405677,0.0,0.0,185.67325829633086,5053.612826848894,232.69312504187874,0.0,0.02317116180371774,156.028006048686,0.0,5.749656228274765,26.998249456771394,0.0,22.609857024232873,0.006727111491401924,21.27745801061859,4820.919701807015,121.96685301854342,318.74957902444015,838.3046125415126,536.011986377286,196.36983302473516,362.0329513596259,662.1449332846802,50.06021734881837,5370.593198865371,2654.7703907952814,125.51811677384111,355.6653698865282,848.6868833991298,1263.3093105466683,0.0,0.0,0.0,0.0,0.0,0.0,0.0,0.0,7166.091680822282,1.3193905479969297,1.0547067541679738,4086.6786261791535,2399.7166891161496,205.9138595431216,4233.116962071982,2.3,0.0,1273.3524025805254,2543.8089624608456,1236.4514618075227,294.5809734351089,734.8217347692228,64066.48697260228
26,E Monument,9566,43874.0,54.3,21.8,24.0,1109.0,70.9,15.7,6553.4,33.9,33.8,11.3,36.8,2.19,38.3,14.4,18.8,21.9,246812.0,11.7,3.4,0.4,8.0,29.1,15.1,,,8268.356851477645,1297.6431485223547,10.2,36181.00237329184,21.3,13.2,966.1173217505435,14.8,-6.8,200348.35216189313,23.2,-8.1,20.7,-9.0,-3.8,35.4,1.4,-0.5,Household incomes rising faster than city; Young adult population growing,64.0,29.944574837492087,60.0,163.86764338207058,489.89364287304613,574.8274014026388,57.536296745549414,111.17571759466092,45.6598284559357,323.28322199284895,876.0651331207333,444.28238668555935,529.8925971355483,131.17070964774868,92.06577938984677,188.1115816190009,156.76845519551605,105.32413446659001,265.02305850082564,352.15684486761455,337.44928907733635,198.03676607526103,388.2137735501425,183.3466554078988,101.1082221470192,202.4502926730524,35.47043951109137,77.19746181869576,115.27682563640222,16.411695999103145,60.75711760040517,31.659828455935703,139.09899229768828,116.30167345847507,201.06640820978893,85.5691160435064,56.85423905706916,144.09449108742882,6695.945013010969,1295.1563886417912,512.0415052817082,394.73487746677375,259.9760559119296,4316.394532921465,762.2844626712439,263.4491305596682,265.7531064676288,88.56660330486531,205.80714363572912,232.77387640715938,222.47701049552103,151.12288538098068,150.29082821977062,306.02218251847563,348.6613436264592,284.59295460991416,278.09376699471034,200.95252670804325,313.42976154061836,242.1169497806772,3058.4311062813963,61.0,17.886862737778348,20.0,136.69812105043462,168.3703047209921,115.20672508309258,64.04939242649586,80.4954181304557,81.68426315276619,68.19652035514102,57.119982491251335,102.90957830911834,27.136905085047676,16.133560827089244,123.58713367654359,118.84369338461954,66.49832350206367,398.0853739118887,397.9446715013863,573.2750105988653,194.93742827729537,97.46504647065562,12.0,0.0,1257.9634266400692,0.003493017135300814,0.0,0.0,0.0,0.00244511199471057,0.0,9.547870999740105,10.096782371262314,20.265345827058248,7.0,35.0,9.271135033448592,5.00069860342706,69.91832423796637,24.00768463769766,69.13252744132343,156.40706919619612,227.85775415663755,241.44846964841832,230.81484952435162,83.92730522060789,41.2616716128038,0.0,0.0,0.0,17.0,4316.394532921465,1257.9634266400692,3058.4311062813963,4891.059474563651,4316.394532921465,574.6649416421856,165.79491002071995,0.0027944137082406514,19.807593265676058,38.12660097710789,27.0,0.0,323.9330429649734,4316.394532921465,1257.9634266400692,19.261671612803802,86.69910046897837,54.91029029855518,38.101528751255394,178.84568760519124,94.05789492200987,13.0,64.00943114626531,26.089447035278184,682.9883747997318,3058.4311062813963,0.029040472585870926,483.26210769781187,361.0306182761183,233.49814547980182,145.43609172334737,326.44644978365875,255.29823124629092,308.189865112993,4158.644085319277,1593.5799866786128,182.73489307655097,599.9143724335963,781.7184269208536,909.1332960812318,0.0,0.0,0.0,0.0,0.0,0.0,0.0,0.0,5801.275698335085,2.1865287268631923,1.4596932943374077,3240.535847090535,3231.118159753401,1079.75828917559,2461.9088273022026,4.4,0.0,2342.5250471425666,939.276480754849,1034.5930050240493,389.06243835578954,653.5869745408274,31793.499449289848
25,E North Ave,12660,39270.0,57.8,26.2,16.0,1201.0,61.0,13.6,4618.3,22.4,38.0,14.2,13.9,2.37,52.9,17.1,5.5,9.3,85307.0,34.8,3.1,1.5,30.2,39.0,17.2,,,11147.829076309185,1512.1709236908155,8.1,35871.34274266614,9.5,1.4,963.454342136149,24.7,3.1,62530.758836245004,36.4,5.1,38.1,-3.3,1.9,11.3,2.6,0.7,Affordability stress — rents outpacing incomes,211.19202805026853,34.09599713228836,36.0,328.3973541327379,397.4840739934041,336.503157090081,69.63352095589799,34.81690718189271,49.340171544064304,223.82110592944363,592.6949664670232,520.5980676105157,353.3808668747878,422.582580369256,255.17841262156807,305.99565270376735,401.5581404340095,155.743230563147,194.84395402725866,265.2988975610076,546.7987565503325,423.0055504055464,443.86783595069585,634.5447919437348,276.3458919870502,128.43299101370354,115.33689351779583,147.89069154893252,90.69567030553384,107.50404340804096,49.0,65.3401715440643,140.54497091701938,396.8224784709419,220.0409283275022,168.5291943488265,126.42421361171283,169.97935034289483,8452.966424510154,757.507795143873,353.1964513313395,10.265122533226243,56.07610804921669,5314.773227728732,834.6393026276734,638.0967279661734,229.6076483087365,169.0833723649156,386.69252825380846,273.1725889101183,147.6357782313787,289.9842605155609,102.68611781642288,560.3857853296197,396.29530679032047,435.4680562461734,347.8483347055376,186.7994645318775,253.51098944032154,62.86696569009435,3240.8214349264777,45.0,0.0,0.0,122.58435040388606,185.821585471777,65.52168301611282,28.0483747404226,18.681367985837237,20.82777542247438,116.96087433390599,86.973916222604,114.09042169088167,0.0,55.90121514700829,39.41286632345641,106.26790586550707,141.613689749339,500.23773447375856,608.3252696823639,683.877157702746,141.04708375346726,10.53495352934438,0.0,8.0,2073.951792802255,101.98913175941833,63.0,24.536224402148374,53.0,59.99239223159283,21.0,94.43074085226543,192.8877296595003,148.9592712788498,115.0,99.0,119.05733144023434,26.997826351883667,230.084026401543,71.97608987072033,93.12934499638978,140.59293080380388,114.13560814226072,67.57829776296238,187.18515047564836,6.07269477939211,6.347001593641323,29.0,0.0,0.0,8.0,5314.773227728732,2073.951792802255,3240.8214349264777,8155.109264415294,5314.773227728732,2840.3360366865613,252.16863357253325,58.24851156908218,124.19240673432394,606.9710952014289,58.0,0.0,1740.7553896091933,5314.773227728732,2073.951792802255,1.7383283871961968,83.30089953102163,33.076434299241356,67.42572108971027,92.10904808077952,96.9641348060805,30.0,238.9706557504295,208.91055296472183,1221.4560178930742,3240.8214349264777,0.0,206.08366383123044,109.87295755122199,103.39661973943511,168.60071673104554,132.3134935719413,253.20779272624887,212.25720616154751,4540.215109406482,2403.9461475672297,397.91757009317865,775.8345884230492,248.95618915656163,421.90506332151466,0.0,0.0,0.0,0.0,0.0,0.0,0.0,0.0,10940.972444318215,2.3709277007884824,2.741278939116597,2834.5773500876176,4807.577553005865,1798.1086063432647,1177.0454770576555,8.8,0.0,3071.5983249947885,1392.1491483661134,851.0257543678309,2463.9749963797044,913.3462076029477,31521.390810778685
7,Federal Hill,11142,120729.0,20.1,21.3,58.6,2116.0,52.1,2.4,28879.4,39.4,33.8,18.0,77.7,1.69,57.3,2.8,8.4,25.2,410754.0,9.7,3.8,1.7,4.2,47.9,4.8,,,10884.0,258.0,-3.1,113854.816955684,6.0,-2.1,1620.0147710487445,30.6,9.0,383791.2087912088,7.0,-24.3,8.8,0.9,6.1,71.0,6.7,4.8,Renter demand rising; Young adult population growing; Affordability stress — rents outpacing incomes,101.0,32.0,0.0,287.0,1026.0,738.0,0.0,0.0,11.0,363.0,1095.0,735.0,647.0,191.0,237.0,294.0,278.0,86.0,157.0,776.0,139.0,196.0,209.0,297.0,112.0,143.0,42.0,207.0,436.0,216.0,38.0,99.0,67.0,84.0,421.0,131.0,100.0,160.0,9357.0,3558.0,2239.0,998.0,471.0,6566.0,360.0,164.0,299.0,91.0,37.0,28.0,95.0,163.0,85.0,181.0,490.0,727.0,679.0,608.0,1022.0,1537.0,3418.0,17.0,0.0,0.0,26.0,143.0,0.0,15.0,158.0,81.0,40.0,0.0,0.0,20.0,0.0,60.0,13.0,60.0,39.0,189.0,553.0,1072.0,286.0,245.0,308.0,3148.0,0.0,0.0,29.0,0.0,0.0,0.0,0.0,26.0,0.0,0.0,0.0,0.0,0.0,64.0,11.0,34.0,38.0,306.0,366.0,633.0,623.0,649.0,270.0,94.0,0.0,5.0,6566.0,3148.0,3418.0,7269.0,6566.0,703.0,273.0,19.0,127.0,0.0,18.0,0.0,266.0,6566.0,3148.0,14.0,39.0,308.0,226.0,327.0,51.0,48.0,22.0,7.0,2106.0,3418.0,15.0,1293.0,200.0,172.0,383.0,247.0,219.0,68.0,7385.0,4228.0,226.0,208.0,617.0,1862.0,0.0,0.0,0.0,0.0,0.0,0.0,0.0,0.0,2746.754801175456,1.6881480353335363,0.3858113881796235,4388.0,3762.0,2001.0,7266.0,3.1,0.0,1322.0,1398.0,3846.0,303.0,316.0,100048.16955684008
18,Fells Point,5478,98517.0,26.0,24.6,49.3,1917.0,73.9,-12.9,8507.8,47.3,34.2,9.1,65.8,1.71,49.0,3.5,18.7,22.7,370633.0,21.6,8.8,1.9,10.9,26.1,6.3,,,6289.540286228465,-811.5402862284654,-18.4,92731.34877964431,6.2,-1.9,1610.8990977657493,19.0,-2.6,320813.6417717384,15.5,-15.8,20.2,1.4,6.6,63.9,1.9,0.0,No strong signals,0.0,0.0,0.0,88.94785678968924,773.5474290069366,492.26819758216874,0.0,0.0,0.0,243.37213138159518,354.84829545749267,635.8328401686889,188.01592706685312,166.09096027271238,224.20380056157927,53.035880499545975,186.23060244068793,21.707846622483792,58.06255255708908,426.4661181240919,56.07974254919809,97.25260632044638,100.72658283377214,132.20939869012523,65.08210023117941,100.1398391020922,60.20074644557077,60.263365339147356,102.66490132107019,37.054733487452935,0.0,0.0,44.0351858133626,30.050685548079798,110.34692301628684,27.0,10.978153317808179,13.972195131755864,4628.367609507678,1535.8446067851762,943.1200100067674,299.025896126589,269.16963259222644,3197.9369220121976,239.64491387462755,151.74734364835774,17.97864529590996,57.39095348180672,59.96226482166867,72.92153589306318,121.75585280181869,28.29621207611315,83.11041797913046,163.87205740748732,260.53273153803303,363.29941780161516,379.99817091063693,188.6230090665631,391.169805868906,617.6335895464599,2363.1664009370347,48.87636523728811,13.972195131755864,21.956306635616357,18.95205998996886,0.0,45.88393471255619,0.0,13.964675782082319,30.92178208889656,26.0,0.0,0.0,0.0,0.0,0.0,21.956306635616357,0.0,19.00061497262723,70.00209090693258,980.3528777416082,420.3563451665969,295.65189544291303,111.30732122637068,160.02402267869294,834.7705210751628,13.840477690434804,0.0,0.0,0.0,0.0,1.0,0.0,0.0,0.0,0.0,0.0,0.0,0.0,6.0,0.03909534818067162,8.035185813362604,48.0,49.0,132.10889316602288,225.61928925327348,96.28666748509096,92.2597060044585,105.30362934225624,0.2775769720827685,25.0,32.0,3197.9369220121976,834.7705210751628,2363.1664009370347,4079.4540457793255,3197.9369220121976,881.5171237671277,360.4846949142138,82.93692103943272,76.94439026351174,16.0,16.0,0.0,329.15111754996946,3197.9369220121976,834.7705210751628,0.0,25.00061497262723,115.63298507972334,19.492601387076462,7.340129529171843,50.0,0.0,35.0,5.0,577.3041901065641,2363.1664009370347,32.87113451478266,772.9786485042108,294.49842803091906,14.722761090179535,149.499428851115,180.69678207685166,100.80311857040381,59.984530942486266,3844.9072964615843,1884.0478275672997,132.93769382952348,133.40481417585812,720.8146044020633,873.9023006760942,0.0,0.0,0.0,0.0,0.0,0.0,0.0,0.0,4675.372206146186,1.7059566522934526,0.6438765309381984,2588.816750386571,1875.3039578718567,496.56688942053455,3047.1601455107593,3.5,0.0,832.8081398724962,787.7042067471355,1577.4245753925659,444.0880385894022,200.78764951289006,81486.24673079465
24,Govanstowne,14582,79671.0,31.6,29.8,38.6,1336.0,33.1,-6.4,8516.9,20.6,41.2,17.3,36.0,2.58,53.5,10.7,6.9,16.1,215554.0,9.3,1.3,2.2,5.8,66.9,39.2,,,15574.0,-992.0,-11.9,64152.28323699421,24.2,16.1,1048.4449760765551,27.4,5.8,154179.44785276073,39.8,8.5,15.5,-6.2,-1.0,35.7,0.3,-1.6,Renter demand rising; Household incomes rising faster than city,343.0,108.0,79.0,277.0,482.0,235.0,435.0,92.0,127.0,212.0,413.0,200.0,455.0,356.0,647.0,331.0,353.0,179.0,145.0,661.0,611.0,699.0,533.0,576.0,184.0,280.0,77.0,195.0,179.0,164.0,161.0,38.0,181.0,394.0,392.0,236.0,251.0,252.0,9860.0,1408.0,1199.0,394.0,547.0,5316.0,408.0,231.0,47.0,141.0,184.0,153.0,177.0,230.0,108.0,293.0,547.0,744.0,665.0,267.0,341.0,780.0,1759.0,54.0,0.0,16.0,0.0,13.0,92.0,45.0,0.0,19.0,0.0,5.0,0.0,22.0,39.0,51.0,60.0,92.0,238.0,275.0,464.0,188.0,8.0,0.0,0.0,3557.0,31.0,12.0,13.0,0.0,0.0,0.0,0.0,4.0,115.0,0.0,20.0,54.0,38.0,345.0,378.0,471.0,146.0,487.0,300.0,417.0,73.0,328.0,133.0,144.0,30.0,18.0,5316.0,3557.0,1759.0,5860.0,5316.0,544.0,79.0,17.0,127.0,0.0,12.0,0.0,309.0,5316.0,3557.0,0.0,0.0,40.0,139.0,78.0,60.0,256.0,909.0,744.0,1331.0,1759.0,0.0,65.0,3.0,224.0,68.0,165.0,63.0,368.0,6878.0,3679.0,620.0,735.0,475.0,1106.0,0.0,0.0,0.0,0.0,0.0,0.0,0.0,0.0,7305.0127473395505,2.5804420617005266,1.7121214394849484,3003.0,6010.0,2520.0,3548.0,9.0,0.0,1679.0,1584.0,2053.0,338.0,2084.0,56372.832369942196
23,Hamilton-Lauraville,30224,77420.0,30.4,30.3,39.3,1305.0,21.9,-4.2,5611.1,19.0,42.6,14.7,35.7,2.56,64.2,7.2,1.6,14.8,239576.0,8.8,1.9,1.2,5.7,78.1,39.3,,,31563.0,-1339.0,-9.7,76548.68721461187,1.1,-7.0,1079.5908183632735,20.9,-0.7,164071.5202052598,46.0,14.7,13.7,-4.9,0.3,30.4,5.3,3.4,Affordability stress — rents outpacing incomes,307.0,213.0,221.0,645.0,731.0,914.0,268.0,114.0,69.0,391.0,761.0,1111.0,1046.0,938.0,860.0,910.0,925.0,457.0,648.0,1157.0,1364.0,1129.0,1084.0,1167.0,686.0,501.0,559.0,400.0,551.0,238.0,195.0,153.0,398.0,525.0,685.0,271.0,194.0,281.0,20839.0,4207.0,2481.0,355.0,406.0,11625.0,798.0,478.0,291.0,352.0,299.0,188.0,379.0,249.0,502.0,1217.0,926.0,1379.0,1488.0,960.0,1227.0,892.0,2550.0,0.0,0.0,0.0,31.0,0.0,3.0,10.0,0.0,16.0,6.0,0.0,0.0,0.0,81.0,93.0,114.0,148.0,581.0,640.0,280.0,281.0,152.0,0.0,14.0,9075.0,47.0,16.0,103.0,33.0,0.0,26.0,18.0,15.0,6.0,19.0,52.0,69.0,13.0,269.0,254.0,886.0,815.0,2396.0,1961.0,1628.0,272.0,79.0,33.0,16.0,8.0,41.0,11625.0,9075.0,2550.0,12750.0,11625.0,1125.0,246.0,53.0,154.0,47.0,0.0,0.0,625.0,11625.0,9075.0,53.0,82.0,137.0,38.0,87.0,139.0,450.0,2393.0,1098.0,4598.0,2550.0,0.0,14.0,13.0,206.0,110.0,279.0,461.0,616.0,14179.0,9096.0,1393.0,1024.0,224.0,2103.0,0.0,0.0,0.0,0.0,0.0,0.0,0.0,0.0,15912.761621069445,2.5557935483870966,5.386458307308479,5745.0,12872.0,4450.0,7449.0,9.8,0.0,3536.0,3522.0,4567.0,725.0,4568.0,67265.98173515982
8,Hampden,10444,90695.0,29.0,25.9,45.1,1700.0,41.3,-5.1,6561.8,34.7,38.8,16.5,64.2,1.8,59.0,3.9,6.3,21.2,285788.0,6.9,1.5,0.1,5.2,58.7,18.6,,,11006.0,-562.0,-10.6,82201.16504854368,10.3,2.2,1250.0,36.0,14.4,230803.0803080308,23.8,-7.5,10.8,-3.9,1.3,62.7,1.5,-0.4,Renter demand rising; Affordability stress — rents outpacing incomes,29.0,7.0,0.0,82.0,479.0,905.0,10.0,42.0,115.0,94.0,666.0,1193.0,611.0,376.0,288.0,330.0,214.0,75.0,77.0,560.0,405.0,199.0,417.0,173.0,137.0,195.0,85.0,247.0,243.0,112.0,68.0,118.0,117.0,254.0,197.0,131.0,94.0,62.0,9028.0,2611.0,1754.0,750.0,679.0,5805.0,335.0,257.0,81.0,105.0,110.0,173.0,216.0,175.0,231.0,283.0,460.0,759.0,604.0,508.0,757.0,751.0,2395.0,0.0,0.0,0.0,0.0,22.0,0.0,0.0,0.0,0.0,0.0,26.0,47.0,0.0,73.0,8.0,68.0,147.0,463.0,123.0,540.0,527.0,244.0,82.0,16.0,3410.0,12.0,0.0,13.0,8.0,21.0,0.0,0.0,19.0,0.0,0.0,29.0,10.0,0.0,37.0,17.0,161.0,178.0,782.0,584.0,915.0,459.0,155.0,0.0,10.0,0.0,0.0,5805.0,3410.0,2395.0,6232.0,5805.0,427.0,93.0,108.0,7.0,0.0,0.0,0.0,219.0,5805.0,3410.0,0.0,138.0,19.0,16.0,41.0,26.0,69.0,323.0,218.0,2560.0,2395.0,12.0,329.0,117.0,53.0,55.0,259.0,318.0,220.0,7047.0,4159.0,375.0,274.0,443.0,1493.0,0.0,0.0,0.0,0.0,0.0,0.0,0.0,0.0,7339.16877753084,1.7976761412575366,1.5916267055278581,3622.0,4057.0,1728.0,5794.0,5.3,0.0,1683.0,1502.0,2620.0,327.0,1079.0,72233.00970873787
3,Harbor East,2346,117461.0,21.1,17.3,61.5,2084.0,59.0,90.0,15592.4,34.1,44.5,13.4,76.0,1.79,52.5,1.2,12.5,24.4,413522.0,12.6,2.6,0.0,10.0,41.0,1.6,,,1234.9579350295637,1111.0420649704363,84.5,134274.33402440976,-12.5,-20.6,2338.8610731121453,-10.9,-32.5,370718.80677020736,11.5,-19.8,24.0,-11.4,-6.2,81.6,-5.6,-7.5,Young adult population growing,66.0,0.0,0.0,81.12276082608686,224.66264140347815,117.84061121913024,0.0,0.0,0.0,87.62587991999982,115.15965583826062,108.16576049739112,173.10431331999996,2.969343175652144,76.0,70.02455216521737,28.349701443478246,12.374253608695618,25.0,193.76085006434764,150.0,104.04910433043474,118.15952230956519,18.699402886956495,70.0,0.8098208660869484,34.0,14.83437303130432,73.29449245391302,0.0,0.0,0.0,12.0,19.0,135.64419389739126,0.0,9.0,16.0,1922.902592511303,671.2395505217387,314.1289990139128,190.68108890956503,285.9386863513043,1311.000667643477,136.02455216521736,14.171865156521596,53.0,0.0,23.0,9.0,38.0,1.7546118765217216,1.8895820208695462,13.092104001739,39.42946259826085,174.76085006434764,216.74240255826075,136.6135370730434,134.30073064173894,319.22096948695634,773.9944294556512,0.0,0.0,0.0,0.0,0.0,0.0,0.0,0.0,0.0,0.0,0.0,0.0,0.0,0.0,0.0,0.0,0.0,14.0,0.0,342.8039832643473,143.8651633843476,140.57677558956507,63.723955052173864,57.02455216521737,537.0062381878259,2.1595223095651956,0.0,0.0,0.0,0.0,0.0,0.0,0.0,0.0,0.0,0.0,0.0,0.0,0.0,9.0,0.0,0.0,54.0,9.0,172.58898490782605,160.88347736173907,45.37425360869562,34.0,50.0,0.0,0.0,1311.000667643477,537.0062381878259,773.9944294556512,1499.7862034017376,1311.000667643477,188.78553575826044,38.343730313043196,0.0,0.0,0.0,36.0,0.0,114.44180544521724,1311.000667643477,537.0062381878259,0.0,0.0,255.58288024869555,0.0,88.0,0.0,0.0,0.0,21.0,172.42335793913037,773.9944294556512,24.12886548521734,188.87153510086895,218.57677558956507,73.34970144347825,44.404910433043476,14.0,0.0,0.0,1547.319845791303,812.4544153495646,125.98779068173903,18.61353707304341,193.74864074608666,377.44180544521726,0.0,0.0,0.0,0.0,0.0,0.0,0.0,0.0,1039.6104050623521,1.7939204706343002,0.15045808141170283,800.5773097043467,1043.3008641704344,313.7730593826086,1461.9883247965208,8.1,0.0,276.84061121913027,227.28241666434747,806.8776397599995,150.44180544521726,21.0,117991.50617259207
1,Highlandtown,4394,102245.0,31.4,17.4,51.1,1729.0,38.7,-11.1,11938.3,35.4,37.7,12.4,58.6,1.99,56.5,10.4,4.2,20.6,289026.0,10.8,3.3,1.7,5.8,61.3,10.6,,,4942.885330354973,-548.8853303549731,-16.6,75974.3258762596,34.6,26.5,1310.7000125219695,31.9,10.3,201264.72414326918,43.6,12.3,11.1,-0.3,4.9,44.6,14.0,12.1,Renter demand rising; Household incomes rising faster than city; Gentrification indicators present,0.0,0.0,0.0,85.24062440424302,185.29324192547676,436.8007075134435,65.0,56.0,11.35559648126242,147.88804531784382,246.04211667684322,321.9342094433067,218.91080432265963,100.27227497163554,75.46925671580999,119.09729366874538,159.4719361112038,5.046326191813699,42.0,212.81083666304102,174.00970333922834,90.38899120315605,167.37646191821898,140.07552778078977,34.48562328161218,115.0,67.74687480141434,0.0,94.45578064694331,23.926377695819546,44.496022474527344,12.163421522243386,77.99886356415067,32.0,52.0,57.27400488083944,41.0,40.0,3387.5466573129224,879.3302341573614,897.6312401849328,117.15457519545777,90.67517619213939,2200.7787086932253,114.38899120315605,26.983918627838182,83.0,100.73891975046902,54.0,41.498295346226,59.0,38.0,174.49602247452734,36.09842019800964,159.051203461782,188.7281286448691,271.7215321037083,263.00341237552146,259.21465617688006,330.85520833023827,852.2652378770739,0.0,0.0,0.0,0.0,0.0,8.0,0.0,0.0,0.0,0.0,0.0,13.0,0.0,72.0,13.0,15.0,18.0,84.49715891037667,89.28197417708196,213.46630387217354,199.78460055787778,69.8671330086443,23.62005611365595,1.748011237263671,1348.5134708161515,0.0,0.0,36.0,0.0,0.0,0.0,0.0,0.0,0.0,0.0,0.0,9.0,7.0,76.0,59.48562328161218,45.0,51.17039716231335,212.56911008634626,228.09362368515247,307.3219825484768,187.72271847977402,125.42212524900475,3.7278903234716534,0.0,0.0,0.0,2200.7787086932253,1348.5134708161515,852.2652378770739,2467.2735947319034,2200.7787086932253,266.49488603867803,80.494886038678,0.0,43.0,13.0,0.0,0.0,130.0,2200.7787086932253,1348.5134708161515,0.0,18.78693418140344,6.0,0.0,68.0,34.80351455100761,11.0,67.38163789569852,63.79355757670679,1078.747826611335,852.2652378770739,5.422385925049678,91.10666784928094,1.748011237263671,6.0,49.0,81.0,28.0,74.8162821573421,2869.364236743304,1622.1206708099085,94.96363405282142,299.34306719632536,119.23058015835475,592.4273746159183,0.0,0.0,0.0,0.0,0.0,0.0,0.0,0.0,2884.409114253946,1.991396387227483,0.3680596026080603,1555.5545417624194,1654.4150361679142,543.061345585938,1984.7912257298913,3.3,0.0,692.1061474022166,383.8777523046607,1124.794808986348,143.0,233.9914776297474,66761.27054152865
9,Jonestown,1259,80711.0,33.6,45.8,20.7,1470.0,64.3,-16.0,3608.0,41.6,42.2,9.8,16.3,1.93,39.7,22.7,20.5,4.8,344799.0,12.5,0.1,0.0,12.4,35.7,4.1,,,1498.8110489968196,-239.81104899681964,-21.5,42221.00732681853,91.2,83.1,778.4948477208845,88.8,67.2,277222.808613752,24.4,-6.9,0.9,11.6,16.8,31.3,-15.0,-16.9,Renter demand rising; Household incomes rising faster than city; Significant population loss,14.31453535397031,10.17823957431828,0.0,28.789861302619805,97.06826037448954,161.77167130471952,12.500012591685461,0.0,13.989535604346708,4.120145145063817,149.65593999821112,31.753696901989844,37.64385539726963,61.84697172312866,83.4398048786328,59.7018281577846,69.90729055769411,28.11835681567496,46.37266214521202,22.37920413514665,17.110428206242904,15.386425382669307,69.22059742184055,8.110085632784788,2.793779556645197,8.993272888508598,8.179734487983035,58.71106330984056,16.47302429328331,15.920047999729396,0.0,0.0,0.651881896550546,3.7603636267779446,6.239441009840939,2.2350236453161574,9.924532740723663,0.9312598522150656,1094.3005043409055,108.94632416433248,61.070470420668755,0.0,7.994020345340976,285.11334610426445,8.11022281879339,28.741613212512682,0.4656299261075328,1.490015763544105,15.454418073621865,2.7359777893413724,0.8285029861389565,23.982061036022927,13.961594835884185,0.0,22.013833850759983,108.44293723193262,9.733927082689513,17.986545777017195,31.06766254141318,0.09840317848497156,183.31777173138596,0.12363476271188735,2.4212756157591704,0.0,5.169869197214001,4.1906693349677955,0.9541991544373716,7.994020345340976,0.0353242179176821,0.07821791110343894,1.3968897783225984,0.0,0.0,3.0731575123097166,0.0,0.0,0.0,2.514401600980677,18.864731566500787,38.97084918353726,68.39324881779201,8.054576147485573,0.0,0.0,0.0,101.79557437287849,0.0,0.0,0.0,0.0,0.0,0.0,0.0,0.0,0.0,0.0,0.0,0.0,0.0,0.0,0.0,1.7693937192086246,0.0,10.991777974843842,21.983555949687684,36.056355781983214,0.01766210895884105,30.976828838196283,0.0,0.0,0.0,0.0,285.11334610426445,101.79557437287849,183.31777173138596,325.82318114909566,285.11334610426445,40.70983504483121,0.17157477274302735,0.06307896056728947,0.0,0.0,0.0,0.0,40.47518131152089,285.11334610426445,101.79557437287849,0.0,30.976828838196283,50.961879701548725,1.7693937192086246,0.0,0.0,0.0,0.0,8.993272888508598,9.094199225416261,183.31777173138596,0.651881896550546,1.5127241893483292,136.60049435588505,10.895740270916267,0.0,4.661576454338793,0.24222320857839152,2.4892445643125924,460.8983861608541,183.18617967777936,55.37785775405505,104.64787361779281,94.60214594216761,22.240918108802227,0.0,0.0,0.0,0.0,0.0,0.0,0.0,0.0,1281.0898480969167,1.9337627152785721,0.3489478714914989,524.1418981514145,531.0245628992349,123.02637286226062,178.0108149303422,12.0,0.0,95.77003644196701,130.4567710826926,58.88653857960486,40.53826027208818,11.724740661399581,37101.06091987569
22,Liberty Heights,18730,56500.0,42.7,25.9,31.4,1094.0,40.5,0.5,5178.7,23.7,38.2,16.2,25.0,2.68,55.9,18.8,0.4,12.3,231621.0,13.3,3.1,0.5,9.7,59.5,37.4,,,18636.0,94.0,-5.0,58623.799743260584,-3.6,-11.7,996.530612244898,9.8,-11.8,154948.6301369863,49.5,18.2,19.2,-5.9,-0.7,22.9,2.1,0.2,Home value appreciation outpacing city,200.0,28.0,118.0,310.0,577.0,740.0,373.0,37.0,126.0,595.0,590.0,742.0,511.0,416.0,464.0,492.0,660.0,241.0,356.0,578.0,558.0,447.0,816.0,610.0,407.0,602.0,202.0,150.0,426.0,220.0,281.0,130.0,165.0,184.0,425.0,459.0,241.0,143.0,12833.0,1480.0,1603.0,110.0,18.0,6875.0,746.0,311.0,415.0,321.0,241.0,257.0,158.0,123.0,365.0,770.0,409.0,602.0,890.0,352.0,477.0,438.0,2784.0,0.0,0.0,0.0,31.0,92.0,246.0,47.0,122.0,11.0,0.0,0.0,0.0,125.0,62.0,0.0,170.0,328.0,355.0,697.0,428.0,21.0,0.0,0.0,0.0,4091.0,71.0,12.0,8.0,10.0,0.0,5.0,0.0,0.0,13.0,0.0,0.0,64.0,20.0,98.0,309.0,335.0,408.0,1095.0,727.0,667.0,144.0,32.0,54.0,10.0,0.0,9.0,6875.0,4091.0,2784.0,7931.0,6875.0,1056.0,243.0,0.0,43.0,41.0,0.0,0.0,729.0,6875.0,4091.0,0.0,95.0,53.0,130.0,208.0,37.0,165.0,1021.0,568.0,1814.0,2784.0,4.0,0.0,32.0,178.0,216.0,163.0,667.0,316.0,7715.0,4310.0,785.0,1448.0,33.0,950.0,0.0,0.0,0.0,0.0,0.0,0.0,0.0,0.0,7805.27367026561,2.6840625454545455,3.6167165099804386,4436.0,7158.0,3026.0,3211.0,10.2,0.0,2937.0,1781.0,2157.0,770.0,2572.0,51514.76251604621
19,Locust Point,3664,154040.0,15.1,19.1,65.7,2257.0,39.7,11.4,6831.0,41.5,35.2,6.8,79.1,1.96,64.7,2.8,5.2,21.8,457059.0,10.0,5.1,1.4,3.5,60.3,2.1,,,3289.0,375.0,5.9,148848.34337349396,3.5,-4.6,1951.6806722689075,15.6,-6.0,344422.3107569721,32.7,1.4,11.7,-1.7,3.5,76.9,2.2,0.3,Young adult population growing,0.0,0.0,0.0,36.0,268.0,476.0,40.0,0.0,1.0,66.0,171.0,463.0,265.0,107.0,32.0,69.0,105.0,6.0,48.0,298.0,55.0,86.0,33.0,89.0,60.0,38.0,16.0,10.0,73.0,15.0,14.0,0.0,19.0,27.0,25.0,5.0,23.0,22.0,2918.0,1161.0,708.0,295.0,145.0,1876.0,56.0,0.0,18.0,39.0,12.0,18.0,0.0,122.0,19.0,21.0,138.0,200.0,149.0,114.0,396.0,574.0,744.0,0.0,0.0,0.0,0.0,0.0,0.0,0.0,0.0,0.0,0.0,0.0,0.0,0.0,0.0,0.0,0.0,0.0,18.0,72.0,165.0,228.0,64.0,45.0,152.0,1132.0,20.0,0.0,0.0,14.0,0.0,0.0,0.0,0.0,0.0,0.0,0.0,0.0,0.0,0.0,0.0,0.0,42.0,80.0,90.0,223.0,170.0,398.0,19.0,15.0,0.0,61.0,1876.0,1132.0,744.0,2084.0,1876.0,208.0,106.0,11.0,30.0,0.0,13.0,0.0,48.0,1876.0,1132.0,0.0,123.0,323.0,0.0,0.0,0.0,12.0,0.0,10.0,664.0,744.0,0.0,405.0,137.0,18.0,52.0,0.0,7.0,23.0,2535.0,1640.0,46.0,70.0,132.0,552.0,0.0,0.0,0.0,0.0,0.0,0.0,0.0,0.0,3350.566873673366,1.9552078891257998,0.5363818794498911,1521.0,1291.0,249.0,2309.0,1.8,0.0,284.0,359.0,1233.0,72.0,40.0,130798.19277108434
10,Mid-Town Belvedere,7313,65375.0,41.6,28.2,30.2,1367.0,74.3,24.8,12781.8,40.0,40.1,11.1,66.5,1.56,39.9,13.0,12.5,26.2,306778.0,10.6,2.4,0.0,8.3,25.7,18.5,,,5861.258750462608,1451.741249537392,19.3,55314.45968985899,18.2,10.1,1172.4114751541874,16.6,-5.0,305238.57052496466,0.5,-30.8,16.5,-5.9,-0.7,69.9,-3.4,-5.3,Household incomes rising faster than city; Young adult population growing,14.810443650358437,5.0,49.96629105787614,206.02558650232365,358.87007365188583,720.6995231561231,59.04959189401998,9.027251859488949,47.10271766935212,282.1682464863568,522.0986712665019,650.897021052224,478.3204167352803,133.80067463917172,158.8041700444859,167.34336649122548,271.3376593029131,82.09073700517301,148.20456761721545,670.6428883465297,179.970315159551,112.6901037752595,102.1835259920271,106.32461227243311,182.03857221184393,137.23510872849405,32.43044962920184,53.31360350049789,126.14052523061042,97.41752749989554,53.58566804240097,20.414431279355888,110.99781832654712,73.8386033499178,88.57538288632676,113.39960516842295,0.0,42.80215154290734,5996.467773904423,1633.7867789067598,1416.0571367721475,526.6068793141206,408.21086876558303,4607.919542921683,557.5577141625471,255.1995001304791,108.92433333503068,241.59907971292546,96.92516138936776,156.5394546695329,130.337249865233,74.90606647719348,295.2680449196772,275.13817168379603,311.31933156469137,714.8555339784496,360.8424255537525,387.59025596301103,212.0788565687167,428.8383629472797,3423.6490241359315,0.0,0.0,35.0439519372983,77.77788235509063,75.61945143515595,65.99956451592027,56.95564629980673,19.391326793554875,22.01235850313492,5.23849827613826,30.58566804240097,6.053413466725193,7.327816301825233,4.787661583819596,108.8740678887741,97.24261531278763,119.4746368602323,658.6704688498812,657.0479937782595,898.2841163761907,339.2776638341899,112.93462983072543,0.0,0.04959189401998752,1184.2705187857516,0.0,0.0,6.463775597851624,17.0,40.0,0.0,0.0,0.0,40.77538289409196,7.454004802879605,0.0,10.50363534650889,21.0,90.68530706868876,112.0,109.79600996485105,26.056720437156056,23.147653146689187,69.96635260736971,255.02632038577374,134.88317906621734,129.4962636619978,67.36028120202549,22.655632603650467,0.0,0.0,4607.919542921683,1184.2705187857516,3423.6490241359315,5157.136553427128,4607.919542921683,549.2170105054447,122.6636902892997,34.75638819190089,0.0,26.331184573998378,55.0,0.0,310.4657474502457,4607.919542921683,1184.2705187857516,0.0,13.0,135.72323059935079,10.572099113946598,40.910249226881895,86.77901063162516,154.60221913692527,31.153627150121924,37.0,674.5300829269001,3423.6490241359315,0.0,375.1900058670834,256.8297636534734,104.91650424811886,132.6257871341832,188.86171987143524,518.1171000453315,266.5733905044936,4692.319743384282,1873.487683362626,253.04036131640322,611.9327372141197,585.9875548883884,1229.3790984124382,0.0,0.0,0.0,0.0,0.0,0.0,0.0,0.0,4695.421437763215,1.5553994592414802,0.5721409554730585,2925.715418246511,2930.9867183216033,812.9157664560846,3984.661663758611,5.4,0.0,1917.2566046619868,1301.313037226937,1389.3499010327598,426.553320216145,852.844117699947,48606.73083467398
11,Mondawmin,6705,39062.0,62.5,22.0,15.5,1095.0,64.8,-15.8,6870.3,29.2,32.0,18.6,13.5,2.19,48.0,33.5,5.0,6.6,149364.0,27.9,1.5,0.0,26.4,35.2,19.3,,,7966.0,-1261.0,-21.3,37993.07086614172,2.8,-5.3,1000.0,9.5,-12.1,87738.09523809524,70.2,38.9,36.4,-8.5,-3.3,12.9,0.6,-1.3,Home value appreciation outpacing city; Significant population loss,157.0,55.0,50.0,134.0,225.0,291.0,275.0,78.0,68.0,161.0,111.0,354.0,232.0,93.0,57.0,217.0,176.0,112.0,75.0,239.0,118.0,80.0,212.0,218.0,68.0,251.0,69.0,191.0,194.0,164.0,1.0,33.0,66.0,41.0,220.0,99.0,70.0,96.0,4373.0,463.0,128.0,0.0,0.0,2801.0,180.0,370.0,290.0,280.0,84.0,99.0,120.0,134.0,193.0,282.0,140.0,194.0,172.0,166.0,32.0,65.0,1816.0,0.0,0.0,33.0,70.0,59.0,48.0,100.0,0.0,0.0,14.0,0.0,40.0,37.0,0.0,24.0,92.0,187.0,455.0,300.0,269.0,18.0,6.0,0.0,0.0,985.0,75.0,20.0,8.0,0.0,0.0,0.0,8.0,88.0,46.0,12.0,15.0,34.0,21.0,108.0,59.0,50.0,209.0,108.0,37.0,64.0,1.0,12.0,0.0,0.0,7.0,3.0,2801.0,985.0,1816.0,3886.0,2801.0,1085.0,58.0,0.0,0.0,0.0,0.0,0.0,1027.0,2801.0,985.0,0.0,18.0,0.0,79.0,0.0,0.0,24.0,129.0,179.0,556.0,1816.0,0.0,233.0,116.0,6.0,192.0,70.0,94.0,139.0,2407.0,1156.0,122.0,807.0,121.0,160.0,0.0,0.0,0.0,0.0,0.0,0.0,0.0,0.0,2893.744979644224,2.1904998214923244,0.9759383943663599,1959.0,2148.0,1244.0,591.0,5.1,0.0,1750.0,616.0,435.0,1027.0,541.0,33385.82677165354
12,Mount Vernon,5138,47971.0,51.2,28.5,20.3,1290.0,87.9,-27.8,8750.5,43.9,34.3,18.3,58.6,1.26,40.9,9.1,27.3,20.5,220912.0,9.5,3.8,0.0,5.7,12.1,16.8,,,7116.262705956959,-1978.2627059569586,-33.3,57011.53529133686,-15.9,-24.0,1122.3696725420268,14.9,-6.7,224617.3814769654,-1.6,-32.9,11.5,-2.0,3.2,61.6,-3.0,-4.9,Affordability stress — rents outpacing incomes; Significant population loss,27.937306506657826,15.981321416272634,18.03370894212386,121.14377962407197,207.71706413636912,588.7753690633964,49.8946331045143,18.874902716860568,71.16850934626977,251.28788365083574,515.3944105081982,367.61383686022134,140.50881392589469,149.7823361293495,58.24970288626382,193.97349775046604,180.5627031992959,35.84545534355173,75.58542413409215,223.00893117511592,220.13110812004908,112.72712841088179,87.27057909039115,115.52275823216563,48.14754259418904,121.23222072810698,0.0,132.6715125818012,174.35535411573565,144.72624436794715,24.90630898248177,27.05655577016672,69.18221460441973,4.919148013036989,257.69938251623967,72.81200345743821,0.0,31.940665272968346,4382.3182719702345,1042.5536148700935,922.8221233696434,314.0430039956897,288.07888440763566,3917.3166667594796,566.7490066588758,269.7958564363659,205.10088439269123,278.6753143657763,121.02887425151471,78.29701943255161,96.60952201685201,272.67830352662986,117.32456848744903,235.49324647898706,431.3006087197096,447.92208673708586,230.16225112086053,183.55534532694855,200.2389444258571,182.38483438132417,3444.8870347231027,0.0,15.981321416272634,7.956048062701702,35.865674599991344,88.49092376852131,69.80610481373412,0.0,0.0,106.64765023569376,112.15657469724336,0.0,24.90630898248177,0.0,32.856454519694815,99.72815124815116,182.44085757215854,194.4537100685278,643.9141415764155,673.0646959146808,928.0821348572118,191.60071424076622,26.98049090418762,0.010827434043584747,9.941329563832715,472.4296320363768,0.0,0.0,0.0,0.0,0.0,0.0,0.0,0.0,0.0,22.545995197120394,0.0,0.0,0.0,138.28210387567174,0.0,11.805955231288774,32.734195903736406,73.75351049798361,6.888298421742817,73.59527242709459,27.94190953065892,62.87065797760481,22.011732973474707,0.0,0.0,0.0,3917.3166667594796,472.4296320363768,3444.8870347231027,4327.947201792695,3917.3166667594796,410.6305350332155,165.95959936701837,10.82706538531135,0.0,95.43676381279406,0.0,0.0,138.40710646809168,3917.3166667594796,472.4296320363768,0.0,0.0,0.010114249765264793,32.931536232562294,14.839870869317956,0.001750543228603522,0.0,26.94398419027824,0.0,397.70237595122444,3444.8870347231027,0.003425674121281451,505.67131911648215,350.69996262047846,142.62105859608107,185.17569537802132,137.1944840437036,467.6184220555985,163.73806757489552,3258.618699825823,1333.5485682149617,1.9705794520067077,295.5231357916268,889.6948770216632,669.6428215025486,0.0,0.0,0.0,0.0,0.0,0.0,0.0,0.0,5452.2823590461985,1.259491990875092,0.5871684036042438,2253.8227258757915,1762.5482017198133,940.2693896822354,2567.497626643062,0.1,0.0,2006.2593495687065,1114.7159419357824,796.3413752549903,244.6709356661971,658.3004738207723,50098.00992208863
27,Mount Washington,8876,89215.0,27.6,26.5,46.0,1329.0,35.2,16.2,2760.8,12.4,39.8,25.8,59.1,2.28,62.6,4.2,3.1,23.7,350533.0,7.4,2.5,1.2,3.8,64.8,26.9,,,7638.983916441011,1237.0160835589886,10.7,88157.6918915954,1.2,-6.9,1000.7719122524094,32.8,11.2,257142.74426484675,36.3,5.0,6.5,0.9,6.1,58.9,0.2,-1.7,Renter demand rising; Affordability stress — rents outpacing incomes,71.73015348481655,12.671733712773255,10.71862889666279,69.0,123.0,253.96830595443024,67.81241926444186,8.0,6.0,25.0,252.0,201.03040227663953,185.76552408055232,332.1168395440866,345.5865863100605,282.0,203.9214107705407,79.0,191.43069962007218,274.43725779332556,305.0,412.2163912538446,383.60595893620206,267.66437870824535,45.0,227.77833662924456,86.43069962007218,131.97167870678163,194.89805779641858,137.0,179.7594570365629,138.55618212922514,165.95647756846188,159.21191787240414,373.2591149499124,181.1317368845918,204.5257779483897,336.2268152129093,6654.4500076029735,1419.6145999970724,1513.98350709275,691.9198190121876,308.62483852888374,3785.682333578112,197.21191787240414,164.5710794697303,122.83277414911139,106.54753916415876,66.57794334499418,125.1241926444186,118.29657224165697,39.0,104.0,235.9214107705407,411.10899150609885,354.6400396672035,351.296572241657,214.0,301.1962237006245,873.3570768055132,1332.9665920171244,0.0,0.0,0.0,26.802979468101036,27.722798480288674,8.0,31.75945703656291,32.66437870824537,39.419173127722516,7.54753916415877,32.89805779641857,19.0,6.0,0.0,0.0,4.0,45.0,261.5462492994244,256.60595893620206,277.0,128.0,39.0,4.0,0.0,2452.7157415609877,28.0,0.0,5.0,5.0,10.0,0.0,25.0,0.0,0.0,5.0,0.0,6.0,35.0,32.0,136.0,144.4841529772151,219.24967705776743,298.9214107705407,142.49935411553489,265.5779433449942,364.19542686935,407.7877764255854,210.0,38.0,63.0,12.0,3785.682333578112,2452.7157415609877,1332.9665920171244,4088.237906207512,3785.682333578112,302.55557262940005,100.3505186322598,0.0,48.0,0.0,0.0,0.0,154.20505399714025,3785.682333578112,2452.7157415609877,0.0,35.48415297721512,75.43069962007216,172.0,148.0,519.4372577933256,256.0,408.1530031627051,108.0,730.2106280076698,1332.9665920171244,4.0,70.0,50.21191787240414,95.0,120.0,324.12021039224214,286.2852349849526,217.34922876752546,4009.8292045443313,2508.987974761603,132.0,167.0,124.91981901218763,949.390362609436,0.0,0.0,0.0,0.0,0.0,0.0,0.0,0.0,4081.2524909156728,2.2837454083421593,3.2150633004399274,1100.9316435897642,3535.5233836461744,2288.9279157257297,3934.142764630894,3.3,0.0,1044.1620188864742,1001.670441943843,1739.8498727477947,154.20505399714025,1019.7874669151831,77467.21607345818
13,Oldtown,3922,22153.0,76.1,16.8,7.1,433.0,92.1,16.1,9020.4,22.3,37.6,12.7,7.7,2.18,15.8,46.8,8.9,0.9,156661.0,7.3,1.5,0.0,5.8,7.9,20.0,,,3377.0132841152276,544.9867158847724,10.6,16130.007610784916,37.3,29.2,312.8542183595549,38.4,16.8,125116.73408574895,25.2,-6.1,13.8,-6.5,-1.3,8.0,-0.3,-2.2,Renter demand rising; Household incomes rising faster than city,52.685464646029686,24.779693542236515,9.0,119.15929389282644,192.81850080689384,166.2499567723109,113.33016970686714,0.007375223446367848,0.0,56.8058048337159,106.17882336716158,35.540972238219716,169.28219992167547,139.86171989906842,77.44898207046305,118.24775997033721,210.11544590917185,14.830423159915195,71.95151075046067,173.63909668056633,97.77439568129361,99.56079374087001,137.7138884861713,80.60491730185743,27.08176127512964,57.84496876566098,42.549156885278144,35.27721394753101,81.68184616000906,20.15300074064083,9.24288239959483,0.0,38.193248849215095,39.15080866172275,111.99741880474775,59.387647721750064,36.79028747900295,23.994898717461275,2475.164527164181,101.33146644205024,51.762043386952286,0.0,37.94783603885371,1412.6743006782676,379.1195313104688,174.9699232346685,86.17361529752716,153.46868177312012,64.29917503892018,70.35288111129863,24.8838623316521,94.00516265641245,27.93515277045914,118.66448095620149,65.65202278966544,52.47335921780492,63.59226837364455,30.008850268135642,4.05924901906011,3.0160845292284475,1301.3082771145569,12.0,47.691861646462485,0.0,150.18973117890602,154.37828198031946,93.95514104991386,125.0,102.43188709015219,103.48796142475943,34.445715532630395,79.90610128614466,0.0,29.789937402642604,34.96522402590247,0.0,2.8884007498733846,24.373585147616676,139.1458920040785,147.64306862591746,19.0,0.015487969237372482,0.0,0.0,0.0,111.36602356371071,0.007375223446367848,0.0,0.0,0.0,0.005162656412457493,0.0,0.02138814799446676,0.015487969237372482,0.0,0.0,0.0,8.16789817980818,7.001475044689274,22.030238416130107,0.016225491582009265,69.12090214468944,0.0,0.006637701101731064,4.973232588619304,0.0,0.0,0.0,0.0,0.0,0.0,0.0,1412.6743006782676,111.36602356371071,1301.3082771145569,1523.4025572453843,1412.6743006782676,110.72825656711673,22.877017412117723,0.005900178757094279,0.0,0.04720143005675423,0.0,0.0,87.79813754618516,1412.6743006782676,111.36602356371071,0.0,0.0,0.013275402203462128,17.199721093316832,63.157572866983266,7.977970271909643,0.0,0.01991310330519319,0.0,22.997570825992316,1301.3082771145569,6.319077630863583,33.34897006466434,80.96458405902389,105.61886897300559,248.84361229963528,126.6768833685461,124.94321023927625,157.35621454061206,780.3669262572505,123.6513524183907,38.7045607308055,365.56549363895755,69.44754772699542,6.961640597253461,0.0,0.0,0.0,0.0,0.0,0.0,0.0,0.0,2328.187569688778,2.176084218147112,0.4347911757140977,876.5560550297081,1475.9578636126412,498.41841036695376,191.04134586785625,5.0,0.0,1075.2079855245272,236.78986296367185,100.67645219006874,87.851239154999,282.3193378831935,14173.996143044744
21,Pennsylvania Ave,14762,30715.0,66.5,18.9,14.7,831.0,72.8,-7.9,9079.4,22.0,37.8,17.7,18.5,1.91,48.0,26.2,8.3,8.8,191306.0,22.0,2.2,1.2,18.7,27.2,18.7,,,16022.938050339775,-1260.9380503397751,-13.4,25471.72081586568,20.6,12.5,555.9396684975206,49.5,27.9,141804.6269842023,34.9,3.6,33.2,-11.2,-6.0,17.7,0.8,-1.1,Household incomes rising faster than city; Affordability stress — rents outpacing incomes,111.1443611820372,51.0,56.0,277.7861173742973,417.88978198734907,532.6999494072993,129.2536601349408,34.324479917147514,63.43787234942124,330.22144432469395,404.0921240545321,845.8353609516186,458.7821064020303,435.9772122727618,337.7280822959732,524.8613406556426,352.6138109186396,180.34208623124957,316.1029568993935,529.8025854785913,472.73018001548337,507.2601851297379,504.58177071538864,379.4294809476962,209.75945602113055,369.9138885903557,193.40635557885682,481.05104612126206,259.0682714899527,185.65633848306376,129.41433195759902,74.94148866072995,157.4689271524103,324.31860635733966,158.26199641586769,313.259707270824,61.17905421289937,279.4025287123475,10397.831011388027,1057.695489436279,702.3083567465734,99.19605319990916,64.75199830324135,7706.181520319695,1138.6963556442256,1274.998084347153,638.7820261812204,359.1301080182782,388.595899347547,369.9956538291801,358.17803392730724,429.9160072201187,163.4875462262153,439.07453146373126,290.9056019643542,723.7683019929254,318.03501399814496,359.07194459042296,258.44903501933754,195.0973765495328,5611.536123038436,142.0,53.0,58.0,363.8121163120773,566.6073215500035,176.39546081827584,198.9465865332748,205.1803367790594,62.69001170599533,98.96446201777051,184.41433195759902,149.39422206552325,113.70174542234615,145.16400363555192,202.13430281338475,196.2251251827999,331.0773035541271,1125.2958784054395,697.6885727094726,282.8780564791302,122.73678189884002,32.06537016927457,0.16413302849109052,53.0,2094.6453972812583,4.0,10.16413302849109,7.0,14.0,7.0,0.0,0.0,115.0,117.0,4.0,25.092065243788753,85.0,145.0,147.4625567166567,97.0,136.46195163665382,204.13043006152972,121.94556491085343,114.92974172885022,187.2859226428869,372.1749114031237,95.02576668757453,13.627985824499797,62.34436739634953,9.0,0.0,7706.181520319695,2094.6453972812583,5611.536123038436,9882.81064882048,7706.181520319695,2176.629128500784,213.06423389926866,16.102480762630503,120.0,60.0,0.0,0.0,1767.462413838885,7706.181520319695,2094.6453972812583,12.283502503757338,34.0,206.68788357727954,181.5070396252364,227.0909817183394,50.220989368374845,23.397780863074725,53.902388659599836,105.0,1200.5548309655962,5611.536123038436,27.16413302849109,48.127326925823574,188.5248958672524,409.5395416764518,251.44191018755063,842.3544011307407,869.7608116359036,409.1963938852464,5311.569824081857,2551.463368145884,327.3068919324325,1391.1406078741168,441.19904992495026,469.3387925759106,0.0,0.0,0.0,0.0,0.0,0.0,0.0,0.0,8931.730705159594,1.9104034843031565,1.6258719291908115,3253.6851516833367,5579.885142574074,2617.428652413152,1923.9518976860031,6.2,0.0,5121.779714741245,1453.748435421011,1130.6533701574383,1843.5648946015153,1437.8595941807498,22382.882966490055
14,Pigtown,5843,57710.0,45.3,22.6,32.1,1444.0,60.1,-13.0,6908.9,40.7,33.9,9.9,46.7,1.98,53.3,9.6,10.4,18.2,228742.0,13.4,3.7,1.6,8.1,39.9,15.9,,,6714.9033839629365,-871.9033839629365,-18.5,57309.6281619541,0.7,-7.4,1335.8460953239305,8.1,-13.5,172469.89642155945,32.6,1.3,18.5,-5.1,0.1,37.5,9.2,7.3,No strong signals,14.960240822105902,0.0,0.0,189.55760059208433,445.272870270936,542.8303855061952,56.09375585641792,0.0,0.0,162.04726766167403,462.87344185387747,505.5654449029382,293.7203380322631,227.02633130396455,219.23463484481022,156.7498841035066,99.97247682328351,34.98409632884236,96.59734515296773,280.40950532940036,78.95649491688584,98.19642843178893,139.39678246976524,132.4969648509617,54.9992763240297,65.64929937900712,42.88602369003692,31.0,80.85663225386116,23.960064792815828,0.0,122.71080948396279,79.8248835879759,60.41510649156454,42.9468117335178,58.999843529519936,22.999550147369813,11.086696948887825,4512.618423484936,1139.7628269383663,794.1154686721308,47.1448953896486,124.53593356027609,2913.959649927333,257.64316807179097,264.56359803855383,41.95971273423568,146.39635217594505,66.55039015587349,24.245836119933223,241.7637630447249,169.9096836086733,107.90434326733407,176.45596979635985,173.20258579864634,307.5830356415489,115.9004299454479,375.6136576682597,163.8143612111898,280.45276264881574,1752.1381342372824,0.0,0.0,0.0,122.7110833073029,69.3143832408995,18.999628382609846,14.960240822105902,47.970119593574026,0.0,0.0,0.0,0.0,21.97084326954433,4.999902205949959,14.960240822105902,0.0,11.999765294279902,209.4501923839888,402.59813606338105,528.1952400089448,157.44340546353394,54.094631558366125,13.550407381974008,4.999902205949959,1161.82151569005,0.0,0.0,0.0,0.0,0.0,7.999843529519935,0.0,0.0,13.999726176659886,26.0,0.0,0.0,19.984096328842362,120.80089116956938,29.954822245526643,124.94891469869717,70.94378950426804,289.2620438430467,162.70727589564615,236.3198625502379,23.999530588559804,24.90071915947622,0.0,10.0,0.0,0.0,2913.959649927333,1161.82151569005,1752.1381342372824,3365.3575017962703,2913.959649927333,451.39785186893766,122.94053256929817,0.0,54.854216347721646,0.0,0.0,0.0,273.60310295191783,2913.959649927333,1161.82151569005,0.0,171.73211217288969,33.925665515070975,45.8780718544581,50.999002500689585,11.999765294279902,5.999882647139951,22.99966750022986,120.99890470663954,697.2884434986526,1752.1381342372824,0.0,54.999765294279904,138.41692751637183,108.7110833073029,101.9690634178336,131.96914892672984,246.6281729402871,73.88300146078716,3143.2827201895525,1675.9057629971062,203.18288199034077,300.8410699160144,326.02256717719706,571.3577461387003,0.0,0.0,0.0,0.0,0.0,0.0,0.0,0.0,4816.783667539207,1.9831550642888283,0.8457196662922012,2379.2010074662294,1978.3898582914771,577.6864226595126,2105.5591245604214,6.5,0.0,1320.9368472170645,657.2415912365551,935.781211473713,273.60310295191783,464.50974660794367,50359.954448114324
2,Pimlico Good Neighbors,6717,37985.0,55.1,23.8,21.1,1165.0,47.7,19.3,8770.9,15.7,34.8,24.0,18.5,2.45,69.1,7.5,6.5,5.2,182623.0,23.2,0.4,0.4,22.5,52.3,47.8,,,5631.016083558989,1085.9839164410114,13.8,37760.178858079984,0.6,-7.5,1037.1646821999436,12.3,-9.3,96249.96605186531,89.7,58.4,30.8,-7.6,-2.4,14.7,3.8,1.9,Home value appreciation outpacing city,49.269846515183445,76.32826628722674,0.2813711033372096,115.0,239.0,144.03169404556976,0.18758073555813973,4.0,26.0,72.0,153.0,176.96959772336047,253.23447591944768,158.8831604559134,90.41341368993946,334.0,197.0785892294593,65.0,105.56930037992782,185.56274220667441,167.0,244.78360874615538,107.39404106379793,116.33562129175462,91.0,223.22166337075544,52.56930037992783,86.02832129321835,221.10194220358142,109.0,40.24054296343709,35.44381787077488,69.04352243153812,131.78808212759586,349.7408850500876,222.86826311540824,189.4742220516103,101.77318478709068,4661.5499923970265,564.3854000029274,252.01649290725,4.080180987812364,40.37516147111628,2646.317666421888,420.7880821275959,210.4289205302697,171.1672258508886,80.45246083584124,174.4220566550058,184.8758073555814,135.70342775834303,25.0,55.0,224.0785892294593,219.89100849390115,185.3599603327965,166.70342775834303,52.0,185.8037762993755,154.64292319448677,1261.0334079828756,0.0,0.0,0.0,23.197020531898964,32.277201519711326,0.0,12.24054296343709,5.335621291754629,5.580826872277481,57.45246083584123,60.10194220358143,34.0,29.0,0.0,69.0,150.0,34.0,179.4537507005756,230.39404106379794,294.0,45.0,0.0,0.0,0.0,1385.2842584390123,7.0,0.0,0.0,0.0,0.0,0.0,0.0,25.0,20.0,7.0,177.0,29.0,87.0,161.0,61.0,81.51584702278488,121.75032294223256,235.07858922945928,85.50064588446511,168.4220566550058,93.80457313064997,25.21222357441461,0.0,0.0,0.0,0.0,2646.317666421888,1385.2842584390123,1261.0334079828756,3445.762093792488,2646.317666421888,799.4444273705999,12.649481367740195,0.0,13.0,0.0,0.0,0.0,773.7949460028598,2646.317666421888,1385.2842584390123,0.0,42.51584702278488,20.56930037992783,14.0,11.0,46.56274220667442,46.0,347.8469968372949,428.0,428.7893719923302,1261.0334079828756,8.0,0.0,29.78808212759586,104.0,34.0,227.87978960775789,236.7147650150474,251.65077123247454,2436.1707954556687,1684.0120252383972,216.0,182.0,158.08018098781235,126.60963739056396,0.0,0.0,0.0,0.0,0.0,0.0,0.0,0.0,877.1109863252295,2.4533318261927537,0.7658243252489264,1056.0683564102358,2339.476616353825,1609.0720842742703,860.8572353691061,8.9,0.0,1457.8379811135255,629.329558056157,559.1501272522053,773.7949460028598,1264.2125330848169,33181.17650094902
20,W Baltimore,6566,37470.0,62.1,20.8,17.1,1027.0,83.8,148.0,5760.2,36.7,33.7,8.1,28.3,2.06,39.6,17.7,16.7,19.4,212723.0,13.6,1.9,0.4,11.3,16.2,15.0,,,2647.6695471571797,3918.3304528428203,142.5,52026.1889851461,-28.0,-36.1,1152.13065475961,-10.9,-32.5,187351.14251561597,13.5,-17.8,26.9,-13.3,-8.1,51.0,-22.7,-24.6,Young adult population growing; Affordability stress — rents outpacing incomes,83.7247094423417,76.09505934410792,11.786616616350218,233.4629654102205,287.88151706525935,255.5855374581309,170.24199389242176,40.88603128846117,72.36291459317977,238.76510197935312,563.5590092624384,378.4359018789453,144.79827885775597,118.40953312070923,79.42983809962854,95.86187999729603,139.43483023982506,126.74249921757033,129.69576063210167,330.5662537708581,174.0442803830329,148.06891436433176,186.4206206476396,262.6769636597795,135.52559323849357,141.99554044939097,202.4247490735204,30.68730720064506,53.99532963385016,2.0403916584374406,2.0,11.561878713171218,22.820499003332234,106.48077125418698,31.977364985602687,34.40396001319861,11.821395639730815,19.295907540065617,4228.642307058928,572.4162429300324,371.7076324963959,67.80942953049694,184.72964683944616,2945.1595291793246,467.88267987892795,518.5025399688353,104.09079591415563,179.62166275731593,129.99872065929344,52.02842021788812,41.41312969373254,210.16787137049124,124.16043836055117,131.819512527482,254.04662036744486,227.7219462014089,194.44513736570346,65.58892872364473,136.91945325211285,106.75167192033629,2466.9956090566457,0.0,0.0,205.0,56.10990216785764,162.29984943000872,81.93328114572664,89.0397591778941,79.8495436273666,59.40380469688772,40.00743363469612,35.0,56.55236446775157,72.99959500628428,60.49035975641972,7.303237227584076,104.66564686940205,74.07313982460735,402.9775652194153,303.56875599752306,355.0224741179149,102.33724683225554,39.970768509820076,66.2854595895349,9.779405004064266e-05,478.16392012267875,2.0,10.83586697150891,0.0,5.0,0.0,0.00015647048006502826,0.0,0.0,0.00027382334011379945,0.0,14.907934756211247,5.0,5.015903671157639,39.736552113773904,43.04517775447336,29.768365285408237,41.0571233982385,167.85806272811803,7.470952202346484,72.07132374267954,7.296946364418901,27.09928084052378,0.0,0.0,0.0,0.0,2945.1595291793246,478.16392012267875,2466.9956090566457,3408.7238183312647,2945.1595291793246,463.5642891519402,66.37206749231086,11.236298364445718,12.145783652278356,18.0,0.0,0.0,355.81013964290526,2945.1595291793246,478.16392012267875,42.71649749624267,3.267887827110325,1.6632203082987125,100.61488852030553,99.2979309035424,8.000234705720098,43.00011735286005,9.390475475537261,17.001095293360457,153.21157223970124,2466.9956090566457,10.865588278844202,237.07724641463997,141.75518355866214,326.7904513316005,251.53729010364788,272.5872946677647,203.28132582638307,213.29172306421142,2993.48543092779,1184.7835244202324,85.34469005887048,528.9347512041982,499.9017494664444,579.9886748740463,0.0,0.0,0.0,0.0,0.0,0.0,0.0,0.0,5233.351625819124,2.055453913616848,1.139884072792948,2412.7873582312104,2213.6707866784127,529.5095547157413,1196.6629517963713,2.9,0.0,1827.8662588211914,613.5880790963358,503.7051912617974,385.04643800735096,442.9646196594922,45717.21351946055
15,Waverly,6435,65442.0,42.2,39.0,18.8,966.0,47.0,35.6,16000.7,21.4,41.5,19.9,37.7,2.06,50.5,13.8,6.5,23.6,196108.0,11.2,3.6,0.9,6.7,53.0,20.4,,,4744.468045645299,1690.5319543547012,30.1,52679.229802881455,24.2,16.1,739.0497806906694,30.7,9.1,150151.80489357118,30.6,-0.7,14.4,-3.2,2.0,32.5,5.2,3.3,Renter demand rising; Household incomes rising faster than city; Gentrification indicators present,46.0,37.493504207969295,0.8822170100410894,83.54299417772833,166.6088922747416,307.6600928317071,20.0,27.0,12.0,47.23173946635145,236.39837759967844,391.62065030677985,229.9007003316764,180.1381568764491,161.41382239412587,115.12372492439759,188.7235825967034,122.28031561289284,210.25359445281055,272.66351400612007,367.37828271001496,196.18352792698465,175.29207364493104,170.5689680834109,149.02057655606689,133.38544015642628,63.072524367432074,74.27368934247404,184.42782218936313,94.07963230425426,59.03896085852389,32.0,118.09139033629248,168.24648651598838,112.31216853459453,86.11073797155629,76.0,213.09090866988907,5055.358614376286,885.8931690156503,798.5996998810981,157.99551184238183,62.829665841823555,3095.692750810178,294.2942658985409,210.01763704805734,149.234678974361,99.11688257557168,133.2648708184454,114.12741168680682,137.09090866988907,115.2592078808334,53.0842823994703,90.15974627491192,419.50991233522353,697.7674096288505,221.60691609953886,91.6106028619481,170.04526740013713,99.5027502575921,1455.6510670068817,0.0,0.0,0.0,33.0,154.0,70.0,36.0,11.0,10.0,9.0,37.0,0.0,0.0,0.01469754004777532,294.0909086698891,0.10389562273037749,98.33076891545866,207.71476407267474,101.05291114417199,230.54342633454257,146.6274431460166,0.06958485942251913,0.011758032038220257,0.038960858523891556,1640.0416838032963,17.0,23.09090866988908,0.0,0.0,0.0,0.008818524028665193,23.0,15.0,31.0,0.0,6.0,15.077921717047783,41.064934764206484,86.1864674349942,163.14381981406106,140.21954927749897,307.0205765560669,476.1501804964836,216.27833943769008,48.062157193794796,11.979153224716724,13.564052400198614,6.194804292619458,0.0,0.0,0.0,3095.692750810178,1640.0416838032963,1455.6510670068817,3485.1901578589636,3095.692750810178,389.49740704878565,124.3026027561662,0.0,32.0,11.0,5.0,0.0,217.19480429261947,3095.692750810178,1640.0416838032963,0.0,13.044092620143326,20.0,20.063705843403408,35.0,0.0,0.08257181226381632,141.59911041790616,392.0205765560669,1018.2316265535128,1455.6510670068817,0.0,23.0,157.0,270.0205765560669,89.22393378471874,69.13158011561946,23.169312053340263,75.5890629730744,3080.3263339289897,1556.100793692293,135.22665721432116,423.6213975611795,199.61690940356135,726.6155273227707,0.0,0.0,0.0,0.0,0.0,0.0,0.0,0.0,2379.684620133481,2.05660604503985,0.4021702260397141,1376.4384678749973,2672.32628027301,1280.7443210903682,1905.3180465809537,4.4,0.0,1305.490145951976,1207.4370682389858,582.7655366192162,233.19480429261947,632.3780620003878,46291.063095677906
