GEOID,pop_total,hhinc_total_hh,hhinc_lt10k,hhinc_10_15k,hhinc_15_20k,hhinc_20_25k,hhinc_25_30k,hhinc_30_35k,hhinc_35_40k,hhinc_40_45k,hhinc_45_50k,hhinc_50_60k,hhinc_60_75k,hhinc_75_100k,hhinc_100_125k,hhinc_125_150k,hhinc_150_200k,hhinc_200k_plus,rent_total_units,rent_lt100,rent_100_149,rent_150_199,rent_200_249,rent_250_299,rent_300_349,rent_350_399,rent_400_449,rent_450_499,rent_500_549,rent_550_599,rent_600_649,rent_650_699,rent_700_749,rent_750_799,rent_800_899,rent_900_999,rent_1000_1249,rent_1250_1499,rent_1500_1999,rent_2000_2499,rent_2500_2999,rent_3000_3499,rent_3500_plus,tenure_total,tenure_owner,tenure_renter
245102002001,425,199,36,0,18,13,27,37,0,16,0,0,17,29,6,0,0,0,50,0,0,0,0,0,0,0,0,0,0,0,0,0,0,0,0,0,27,17,0,0,0,0,0,199,149,50
245102002002,386,224,18,43,10,35,67,16,0,4,0,15,3,13,0,0,0,0,180,0,0,0,0,0,0,0,0,0,8,19,29,10,0,0,0,0,28,54,32,0,0,0,0,224,44,180
245102006003,1002,320,47,20,21,24,38,8,26,0,21,19,39,40,9,0,0,8,102,0,0,0,0,0,0,0,7,0,0,0,21,0,21,0,14,0,0,8,0,31,0,0,0,320,218,102
245102007015,658,333,92,24,42,15,21,17,17,20,14,16,34,0,21,0,0,0,280,27,0,0,0,9,0,20,7,0,24,14,7,0,7,0,27,8,14,0,20,8,0,0,0,333,53,280
245102007012,1080,387,30,74,0,16,59,24,17,52,0,26,38,0,26,25,0,0,153,0,0,0,0,0,0,0,32,0,0,0,0,36,0,0,29,0,8,41,0,0,0,0,0,387,234,153
245102708032,1841,1131,91,79,10,112,20,77,28,120,64,123,137,201,13,40,16,0,1038,0,15,0,0,0,47,19,27,0,27,28,0,0,0,0,10,25,392,360,88,0,0,0,0,1131,93,1038
245102709012,1329,431,24,0,22,0,10,11,11,36,0,64,57,89,56,44,0,7,30,0,0,0,0,0,0,0,0,0,0,0,0,0,0,0,0,0,0,0,30,0,0,0,0,431,401,30
245101503001,630,193,51,16,3,10,15,18,24,0,0,4,0,11,24,17,0,0,99,0,0,0,0,0,0,0,6,0,0,0,0,0,0,0,11,14,15,23,14,0,0,0,0,193,94,99
245101507021,833,375,11,32,48,6,54,11,1,16,9,58,28,17,28,0,26,30,39,0,0,0,0,0,0,0,0,0,0,0,0,0,0,0,0,5,8,19,7,0,0,0,0,375,336,39
245101507022,962,285,28,7,6,2,20,20,18,18,0,14,47,16,89,0,0,0,120,0,0,0,0,0,0,0,0,0,0,0,0,0,0,0,0,0,54,24,24,0,0,0,0,285,165,120
245101511004,671,335,26,0,20,19,0,27,0,0,52,22,24,24,18,103,0,0,20,0,0,0,0,0,0,20,0,0,0,0,0,0,0,0,0,0,0,0,0,0,0,0,0,335,315,20
245101511001,1040,414,0,0,24,39,65,0,66,0,22,40,22,81,0,0,55,0,137,0,0,16,0,0,0,0,0,0,0,0,0,0,0,0,47,8,66,0,0,0,0,0,0,414,277,137
245101513003,369,140,10,0,12,24,0,57,0,0,0,22,0,15,0,0,0,0,104,0,0,0,0,0,0,0,0,10,0,0,22,0,0,0,0,0,52,20,0,0,0,0,0,140,36,104
245101901002,786,309,100,21,22,7,42,43,20,22,0,0,7,14,0,0,5,6,226,0,21,0,13,17,0,0,0,0,6,10,0,17,7,15,38,10,27,45,0,0,0,0,0,309,83,226
245102505001,0,0,0,0,0,0,0,0,0,0,0,0,0,0,0,0,0,0,0,0,0,0,0,0,0,0,0,0,0,0,0,0,0,0,0,0,0,0,0,0,0,0,0,0,0,0
245101512005,752,219,54,0,11,88,0,0,0,10,0,36,10,0,0,0,10,0,108,0,0,0,0,0,0,0,11,0,0,0,0,0,50,0,0,0,4,43,0,0,0,0,0,219,111,108
245101502001,979,260,31,8,9,19,0,0,5,14,5,22,57,24,60,0,0,6,111,0,0,0,4,0,0,0,6,0,0,0,0,0,0,0,0,12,15,49,25,0,0,0,0,260,149,111
245101508004,659,247,42,22,17,0,0,0,22,0,0,32,0,66,35,0,11,0,105,0,0,0,0,0,0,0,0,0,0,0,0,22,0,0,20,21,31,11,0,0,0,0,0,247,142,105
245101703001,876,404,95,86,84,11,0,0,0,11,12,29,21,0,24,19,6,6,314,6,0,10,54,12,19,6,7,10,20,5,11,0,4,0,44,22,35,12,17,9,0,6,0,404,90,314
245102404001,1119,445,15,10,5,15,0,0,19,15,0,31,34,100,64,28,72,37,198,0,0,0,0,0,0,10,0,0,0,0,0,0,0,0,0,6,59,9,58,48,8,0,0,445,247,198
245102709023,1170,429,31,0,6,33,6,19,37,6,24,13,69,47,85,7,40,6,127,0,0,0,0,0,0,0,0,0,0,0,0,0,0,0,0,0,20,44,19,10,0,0,0,429,302,127
245102710022,662,225,32,0,28,10,11,11,21,10,0,29,26,31,0,0,0,16,87,0,0,0,0,0,0,0,0,0,0,0,0,22,0,0,0,0,37,0,0,0,0,0,0,225,138,87
245102604021,1552,615,49,0,85,43,24,27,7,52,57,88,38,78,50,11,6,0,390,0,0,0,0,24,0,0,0,0,0,0,0,0,44,60,78,32,89,30,33,0,0,0,0,615,225,390
245102712006,1183,502,0,0,12,0,0,0,0,25,11,0,11,48,71,75,54,195,88,0,0,0,0,0,0,0,0,0,0,0,0,0,0,0,0,0,0,0,55,0,33,0,0,502,414,88
245102712003,683,275,0,15,0,0,0,0,21,0,9,0,0,55,34,23,32,86,15,0,0,0,15,0,0,0,0,0,0,0,0,0,0,0,0,0,0,0,0,0,0,0,0,275,260,15
245102601015,1133,387,19,16,0,6,12,25,26,7,14,22,41,52,22,46,67,12,66,10,0,0,0,0,0,0,0,0,0,0,0,0,0,0,10,0,8,0,0,0,0,0,0,387,321,66
245102601011,951,329,0,18,26,0,24,46,26,19,9,16,25,66,20,13,21,0,43,0,0,0,0,0,0,0,0,0,0,0,0,0,18,0,0,0,0,0,6,0,0,0,0,329,286,43
245102603011,919,339,122,0,0,3,10,4,33,33,46,25,0,41,11,11,0,0,170,0,0,0,0,0,0,0,0,0,0,0,0,0,0,0,0,0,54,9,44,33,0,0,0,339,169,170
245102603012,972,386,62,19,51,0,11,0,40,0,43,21,26,43,31,39,0,0,121,0,0,0,0,0,0,0,0,0,0,0,0,0,11,0,0,0,12,28,39,0,0,0,0,386,265,121
245102706002,1112,342,0,0,0,9,17,9,0,54,22,46,21,11,61,33,35,24,89,0,0,0,0,19,0,0,0,0,0,0,0,17,0,0,9,0,0,0,35,9,0,0,0,342,253,89
245102706004,1194,404,0,33,14,10,0,0,0,10,15,20,76,118,32,48,28,0,58,0,0,0,0,0,0,0,0,0,0,0,0,0,0,0,0,10,38,0,10,0,0,0,0,404,346,58
245100101002,814,452,0,8,0,0,22,0,7,0,42,0,39,125,79,33,47,50,219,0,0,0,0,0,0,0,0,0,0,0,0,0,0,0,23,0,22,20,40,35,16,14,33,452,233,219
245100105002,1018,446,22,18,9,9,6,12,18,33,10,16,39,95,4,62,54,39,188,0,0,0,0,0,0,0,0,0,0,0,5,0,0,4,21,20,34,32,16,29,19,2,0,446,258,188
245100807001,410,184,32,8,16,0,8,0,53,0,25,10,0,22,10,0,0,0,67,0,0,0,0,0,0,8,9,0,0,0,0,0,0,0,27,0,5,0,18,0,0,0,0,184,117,67
245102714003,1777,612,69,0,9,6,24,31,31,0,14,18,55,35,56,31,62,171,267,0,0,0,0,0,0,0,0,0,0,0,0,0,0,0,0,0,67,88,46,62,4,0,0,612,345,267
245102803021,1288,548,40,48,79,26,9,38,22,46,28,71,56,27,27,0,9,22,450,13,0,0,0,0,3,0,8,0,0,0,5,19,0,0,37,88,200,43,0,0,4,0,0,548,98,450
245102301002,806,328,17,22,47,10,18,5,41,0,26,29,46,14,7,7,33,6,276,0,0,0,0,0,9,13,0,0,8,6,0,0,0,0,7,21,72,51,57,16,16,0,0,328,52,276
245102502053,884,311,38,28,24,10,34,0,11,15,0,29,14,48,40,0,20,0,126,0,0,0,0,0,0,0,0,0,0,0,0,0,0,0,0,20,18,20,44,0,0,0,0,311,185,126
245102502055,745,323,8,18,26,7,8,22,65,12,0,19,9,83,38,0,0,8,290,0,0,0,0,0,0,0,0,0,0,0,0,0,0,0,16,137,127,10,0,0,0,0,0,323,33,290
245101307005,1230,557,0,11,0,49,14,0,38,17,26,72,69,25,69,63,104,0,234,0,0,0,0,0,0,0,0,0,0,0,0,0,0,49,14,0,32,0,37,37,54,0,0,557,323,234
245101602003,567,239,63,27,16,25,0,0,24,44,0,21,12,7,0,0,0,0,216,0,0,0,6,0,0,0,0,0,0,0,7,33,0,6,98,37,24,0,0,0,0,0,0,239,23,216
245101401003,984,621,196,108,0,57,19,8,0,8,0,13,73,29,68,0,22,20,463,0,0,0,127,0,51,17,14,47,51,21,19,0,9,0,0,8,20,24,0,55,0,0,0,621,158,463
245101506005,1010,245,0,25,41,10,0,34,28,10,0,27,11,15,12,26,6,0,104,0,0,0,0,0,0,0,0,0,0,0,0,28,0,15,0,0,36,0,0,25,0,0,0,245,141,104
245100401002,2258,1394,144,108,59,31,15,120,0,26,81,129,350,160,46,31,70,24,1376,0,0,0,0,55,0,0,0,0,0,0,41,0,0,0,22,31,152,541,534,0,0,0,0,1394,18,1376
245100907002,440,176,40,0,75,0,0,14,41,6,0,0,0,0,0,0,0,0,150,0,0,0,10,0,0,0,0,0,0,0,0,0,62,0,0,0,0,65,0,0,0,0,0,176,26,150
245101102001,2287,1492,188,109,22,16,102,46,29,16,34,181,193,173,120,52,88,123,1291,0,40,16,87,0,0,0,0,16,0,0,0,0,0,33,95,144,216,156,286,82,79,0,0,1492,201,1291
245102805002,534,85,10,24,26,0,9,0,16,0,0,0,0,0,0,0,0,0,85,0,0,4,0,0,0,0,5,6,0,9,6,0,24,0,16,11,4,0,0,0,0,0,0,85,0,85
245102001002,1123,427,128,30,7,19,13,80,14,35,24,15,16,39,0,0,0,7,301,0,0,0,18,0,0,0,0,0,0,0,0,18,0,6,36,24,82,28,33,21,0,0,0,427,126,301
245101510005,1291,440,47,0,21,14,0,31,0,33,68,41,30,110,6,27,0,12,284,30,0,0,0,0,0,0,0,0,0,29,0,28,0,0,12,79,93,13,0,0,0,0,0,440,156,284
245101510007,792,264,59,25,21,0,0,23,0,12,13,22,42,37,0,0,0,10,130,0,0,0,0,21,0,0,0,0,0,0,0,0,0,0,0,13,8,55,33,0,0,0,0,264,134,130
245101512004,420,250,80,36,15,55,0,10,0,0,0,27,7,20,0,0,0,0,152,0,0,11,7,23,60,0,0,0,9,0,0,0,0,6,0,20,0,0,7,0,0,0,0,250,98,152
245101601003,998,432,136,53,39,0,41,42,8,7,49,0,0,0,51,0,6,0,341,0,0,0,82,26,16,54,0,10,8,0,0,4,53,4,6,0,29,49,0,0,0,0,0,432,91,341
245101601004,566,306,56,33,0,21,24,43,23,21,0,19,30,0,0,21,15,0,196,0,0,0,20,0,0,0,0,0,9,0,21,0,42,0,22,8,47,0,0,0,0,0,0,306,110,196
245100702003,893,235,46,0,11,63,25,21,0,16,0,13,0,0,40,0,0,0,158,0,0,0,0,0,23,0,0,0,0,0,0,0,27,0,0,10,58,13,27,0,0,0,0,235,77,158
245100402001,901,228,36,15,20,14,18,12,10,12,0,10,32,15,10,17,0,7,228,13,0,5,0,0,0,14,0,0,0,0,0,4,0,8,4,21,75,71,8,0,0,0,0,228,0,228
245100602002,608,232,0,30,8,0,0,0,9,0,0,0,0,42,66,42,0,35,69,0,0,0,0,0,0,0,0,0,0,0,0,0,0,0,0,0,0,33,26,10,0,0,0,232,163,69
245100602003,922,268,45,38,0,0,0,0,0,26,0,0,53,10,35,9,8,44,102,0,0,0,0,0,0,0,0,0,0,0,0,0,26,0,0,0,10,9,37,10,0,10,0,268,166,102
245102716004,1023,272,10,43,0,27,27,0,0,10,0,11,55,41,0,0,37,11,97,0,0,0,10,10,0,0,0,0,0,0,8,10,0,0,0,0,0,13,39,0,0,0,0,272,175,97
245101205001,974,393,33,23,0,18,14,39,15,11,0,50,38,55,16,20,25,36,286,0,0,0,7,7,0,0,0,0,0,0,0,0,0,39,20,74,117,7,9,6,0,0,0,393,107,286
245101303003,998,370,103,31,51,37,32,24,7,14,14,8,9,22,3,9,0,6,239,0,0,12,0,25,18,35,6,14,0,0,0,0,0,0,7,30,44,15,33,0,0,0,0,370,131,239
245101308033,891,386,18,9,0,15,51,0,24,23,0,24,45,17,37,44,22,57,110,0,0,0,0,0,0,0,0,0,0,27,0,0,9,0,0,0,11,0,51,12,0,0,0,386,276,110
245101401004,1447,708,7,94,21,84,0,47,14,0,0,0,21,169,80,22,9,140,358,0,49,0,0,35,0,0,0,21,20,65,0,0,0,0,24,57,9,29,34,15,0,0,0,708,350,358
245101505002,717,309,40,15,55,17,6,35,3,26,0,16,26,54,13,3,0,0,114,0,0,0,4,0,0,0,0,0,0,6,0,10,0,0,14,11,28,11,16,9,0,0,0,309,195,114
245100104002,1664,951,71,9,0,0,12,45,0,9,0,81,97,71,95,52,151,258,441,0,0,0,0,0,0,0,0,0,0,0,0,0,0,0,0,41,43,8,153,133,48,15,0,951,510,441
245101504002,980,352,30,19,25,47,24,35,10,25,54,9,65,0,9,0,0,0,290,0,0,0,0,11,0,0,25,0,0,24,0,0,0,0,28,78,74,0,50,0,0,0,0,352,62,290
245100102001,810,411,10,0,0,0,10,11,10,32,0,16,68,60,79,62,40,13,138,0,0,0,0,0,0,0,0,0,0,0,0,0,0,0,0,0,0,0,127,11,0,0,0,411,273,138
245100808001,233,82,25,0,7,0,18,7,8,0,0,0,5,0,12,0,0,0,68,0,0,0,0,0,0,0,0,0,0,0,0,0,0,7,7,0,8,11,30,5,0,0,0,82,14,68
245100801021,764,258,31,12,70,2,19,19,0,34,5,19,19,22,6,0,0,0,130,0,0,0,0,0,0,0,16,0,0,5,0,0,0,22,0,0,12,40,31,0,0,0,0,258,128,130
245100802001,274,81,16,0,0,0,0,0,4,6,0,14,5,23,13,0,0,0,36,0,0,0,0,0,0,11,0,0,16,0,0,0,0,0,0,0,0,0,9,0,0,0,0,81,45,36
245100806001,725,259,82,31,12,8,0,0,11,0,5,15,33,51,0,0,11,0,162,0,0,0,26,0,0,0,0,0,0,0,6,0,0,0,0,33,33,22,0,27,0,0,0,259,97,162
245100904002,727,307,85,20,73,0,9,39,35,8,0,12,5,21,0,0,0,0,284,0,0,0,5,16,0,0,0,20,0,0,0,0,11,95,36,50,34,0,0,0,0,0,0,307,23,284
245100907003,757,322,27,25,16,78,26,19,0,0,11,26,0,0,94,0,0,0,130,0,0,0,0,8,0,0,0,0,0,0,0,0,16,23,0,12,0,27,0,0,0,0,0,322,192,130
245101203002,837,334,24,0,8,12,25,0,0,37,37,9,45,35,40,27,23,12,197,0,0,0,0,0,0,0,0,0,0,0,0,8,0,4,27,23,7,90,3,6,0,0,0,334,137,197
245100703002,323,97,7,36,11,0,8,0,13,1,0,0,4,8,0,0,0,9,59,0,0,0,0,0,0,0,0,0,0,0,0,0,0,0,11,0,13,4,15,0,0,0,0,97,38,59
245102707031,1057,442,0,11,15,7,40,73,26,15,16,54,42,34,69,17,23,0,175,0,0,0,0,0,0,0,9,0,0,13,0,12,18,0,50,12,12,32,17,0,0,0,0,442,267,175
245102707032,900,347,8,19,0,11,0,8,0,0,0,25,88,25,65,14,32,52,77,0,0,0,0,0,0,0,0,0,0,0,0,0,0,0,0,13,0,40,13,0,0,0,0,347,270,77
245102710013,881,366,49,43,0,24,49,33,14,32,16,26,14,26,9,7,17,7,287,0,0,3,12,8,0,0,0,0,0,7,13,0,0,8,69,44,78,14,31,0,0,0,0,366,79,287
245100601001,606,160,0,50,27,25,0,13,0,0,0,0,17,0,7,8,13,0,109,0,0,0,0,0,0,0,0,0,0,0,0,0,0,0,0,0,32,34,30,0,0,0,0,160,51,109
245100601004,616,167,0,7,48,0,0,11,0,0,18,13,0,39,0,21,0,10,111,0,0,0,0,0,0,0,0,0,0,0,0,0,0,0,0,0,61,24,19,0,7,0,0,167,56,111
245100906001,1462,343,18,33,33,40,0,13,0,11,0,35,48,0,34,35,43,0,175,0,0,0,0,0,0,0,0,0,0,0,0,0,0,24,0,0,60,40,51,0,0,0,0,343,168,175
245100906004,954,272,22,54,33,0,0,19,0,0,26,21,9,21,11,48,8,0,91,0,0,0,0,0,0,0,0,0,0,0,0,0,0,0,0,0,43,11,13,11,0,0,0,272,181,91
245100909003,325,164,0,0,71,11,17,32,0,9,0,9,15,0,0,0,0,0,114,0,0,0,0,0,0,0,0,0,40,10,10,0,0,11,11,32,0,0,0,0,0,0,0,164,50,114
245101001003,196,82,0,7,5,0,0,6,0,24,6,17,0,7,10,0,0,0,36,0,0,0,0,0,0,0,0,0,0,0,0,0,0,0,0,0,5,24,0,0,0,0,0,82,46,36
245101501001,414,222,15,72,0,63,11,0,17,27,0,0,0,10,0,7,0,0,153,18,0,15,23,0,0,15,0,0,0,15,0,9,0,0,0,25,33,0,0,0,0,0,0,222,69,153
245101509001,1452,452,0,41,23,70,42,12,0,55,0,105,39,28,0,0,25,12,225,0,0,0,0,0,0,0,0,0,0,0,0,42,0,15,52,46,0,64,6,0,0,0,0,452,227,225
245101509003,615,227,0,0,14,20,0,10,11,0,9,15,30,68,10,31,9,0,35,0,0,0,0,0,0,0,0,0,0,0,0,0,0,0,0,0,0,27,0,8,0,0,0,227,192,35
245102005005,955,377,88,34,25,19,10,49,36,0,0,8,62,31,0,0,15,0,247,0,0,10,9,34,8,0,0,41,0,0,9,8,0,26,0,14,27,33,20,0,0,0,0,377,130,247
245102005002,895,207,0,0,0,0,0,0,0,0,0,60,19,48,48,0,32,0,139,0,0,0,0,0,0,0,0,0,0,0,0,0,0,0,0,13,19,95,12,0,0,0,0,207,68,139
245102501011,1491,599,0,33,102,39,38,73,26,38,16,58,56,36,34,30,0,20,315,0,0,0,0,0,0,0,0,0,9,0,0,0,0,0,24,186,29,41,9,0,0,0,0,599,284,315
245102604042,667,164,9,7,13,0,6,15,0,7,5,30,21,12,27,12,0,0,76,0,0,0,0,0,0,0,0,0,0,0,0,0,0,0,5,0,9,22,40,0,0,0,0,164,88,76
245100704001,330,172,34,13,16,9,11,0,6,6,5,32,14,7,15,0,4,0,136,0,0,0,0,0,0,0,0,0,0,0,0,0,0,0,5,15,3,66,27,13,0,0,0,172,36,136
245100804002,563,212,54,45,39,0,0,8,30,7,0,0,10,7,0,0,12,0,156,0,0,0,0,0,0,0,0,14,12,0,15,0,4,17,0,17,22,51,4,0,0,0,0,212,56,156
245101301003,882,440,97,31,13,34,10,0,36,23,27,36,35,12,0,10,46,30,325,0,22,0,10,33,0,0,0,0,0,0,0,0,0,0,65,21,73,101,0,0,0,0,0,440,115,325
245101302003,487,227,14,11,30,0,43,0,14,0,36,21,10,22,11,0,15,0,148,0,0,0,14,0,0,0,0,0,0,0,0,0,0,0,0,30,41,43,6,14,0,0,0,227,79,148
245100905002,1335,471,29,37,6,22,24,39,43,43,8,67,52,27,22,20,21,11,238,0,0,0,14,0,0,0,0,0,7,14,28,17,6,6,0,16,6,44,66,8,0,0,0,471,233,238
245102302001,820,434,0,11,12,11,4,0,0,27,19,12,35,91,77,57,39,39,290,0,0,0,12,11,0,0,0,0,0,0,0,0,0,0,0,22,30,6,103,106,0,0,0,434,144,290
245102601022,557,251,23,7,42,0,24,0,11,8,6,0,7,64,59,0,0,0,21,0,10,0,0,0,0,0,0,0,0,0,0,0,0,11,0,0,0,0,0,0,0,0,0,251,230,21
245102601024,559,269,17,0,12,0,52,16,22,0,8,41,55,10,21,15,0,0,31,0,0,0,0,0,0,0,0,0,0,11,0,0,0,0,0,0,0,0,0,0,0,0,0,269,238,31
245102608001,1165,565,57,71,81,25,53,0,47,12,35,17,48,72,22,0,25,0,362,0,0,0,17,0,0,0,0,0,5,6,76,21,5,0,0,42,85,35,70,0,0,0,0,565,203,362
245102704011,2162,773,0,47,56,4,21,59,0,50,56,49,111,105,125,70,0,20,185,0,0,0,0,0,0,0,0,0,0,0,0,0,21,19,65,22,18,21,0,19,0,0,0,773,588,185
245102804014,979,435,11,54,15,7,30,76,0,38,18,50,74,11,20,0,31,0,162,0,0,43,0,11,0,0,0,0,0,9,0,0,0,0,0,0,0,7,81,0,0,0,0,435,273,162
245102804013,700,295,49,77,31,9,0,0,0,36,0,12,11,10,15,19,26,0,182,0,0,25,12,65,0,0,0,0,0,0,0,0,19,0,30,12,0,0,0,19,0,0,0,295,113,182
245102703021,976,302,11,8,12,9,0,0,20,3,9,29,32,49,36,6,16,62,88,0,0,0,0,0,0,0,0,0,0,0,0,0,0,0,37,17,4,23,0,0,0,0,0,302,214,88
245102702002,791,320,25,6,19,5,8,18,0,41,6,9,33,68,20,33,23,6,129,0,0,0,0,0,0,0,0,0,0,0,22,0,0,5,0,30,11,0,20,0,5,0,0,320,191,129
245101307001,724,298,14,9,0,30,59,11,44,14,0,0,36,46,14,0,9,12,211,0,0,0,0,0,0,0,0,0,0,0,0,0,0,0,16,23,67,39,38,14,0,14,0,298,87,211
245102608002,1362,461,0,23,16,21,43,19,27,45,2,29,52,38,39,66,6,35,238,0,0,0,0,0,0,0,0,0,0,0,0,4,10,0,29,17,59,44,42,31,0,0,0,461,223,238
245102708024,1333,446,0,70,0,81,18,60,0,18,0,68,39,76,16,0,0,0,370,0,0,0,0,0,0,0,0,0,0,0,0,0,0,0,77,68,131,0,17,0,0,0,0,446,76,370
245102804022,1158,436,68,19,43,18,17,4,22,36,29,25,60,61,17,4,13,0,111,0,0,0,0,0,0,0,0,0,0,0,0,0,0,0,0,0,33,18,60,0,0,0,0,436,325,111
245102505003,1408,447,39,0,50,27,0,17,31,40,37,20,80,30,76,0,0,0,213,0,0,0,0,0,0,0,0,0,0,0,0,0,0,13,0,66,26,42,66,0,0,0,0,447,234,213
245100101001,1133,510,16,0,8,0,0,15,12,14,9,0,21,61,57,80,68,149,137,0,0,0,0,0,0,0,0,0,0,0,0,0,0,0,0,0,0,0,54,32,45,6,0,510,373,137
245101301004,573,381,75,0,34,0,47,28,10,34,46,47,9,10,0,31,0,10,301,0,0,25,0,0,0,0,0,0,0,0,0,0,10,0,35,88,110,33,0,0,0,0,0,381,80,301
245102717002,601,269,60,8,16,45,9,0,9,21,22,31,0,0,27,5,16,0,119,0,0,0,0,0,0,0,0,0,0,0,0,0,0,22,0,0,11,33,0,9,0,0,0,269,150,119
245102802003,372,206,67,13,6,0,0,17,0,0,45,9,15,13,9,0,12,0,39,0,0,0,0,0,0,0,0,0,0,0,0,0,0,0,0,0,0,0,0,0,0,0,0,206,167,39
245102802006,1121,323,26,47,0,18,7,9,30,38,12,11,12,11,12,56,32,2,119,0,0,0,12,8,0,0,8,0,9,0,0,0,0,21,26,20,6,9,0,0,0,0,0,323,204,119
245102803011,1033,405,42,48,0,32,12,0,0,0,36,8,91,57,32,0,31,16,329,0,0,0,0,0,0,0,0,34,0,0,0,0,0,0,0,31,127,65,72,0,0,0,0,405,76,329
245102201004,1002,405,0,0,19,0,0,0,0,10,0,0,55,76,38,69,26,112,121,0,0,0,0,0,0,0,0,0,0,0,0,0,0,0,10,0,16,14,30,22,29,0,0,405,284,121
245100202002,1158,428,14,21,13,0,2,5,27,5,0,43,23,21,30,91,93,40,169,0,0,0,0,0,0,0,0,0,0,0,0,0,5,0,5,8,41,11,26,38,29,0,0,428,259,169
245102403002,605,305,0,0,0,0,6,9,0,0,20,21,36,75,19,15,24,80,136,0,0,0,0,0,0,0,0,0,0,0,0,0,0,0,0,21,0,32,30,35,18,0,0,305,169,136
245102602032,984,345,41,15,10,10,4,5,17,28,16,25,29,20,40,55,8,22,101,0,0,15,0,0,0,0,0,17,0,0,0,0,0,0,0,6,28,13,9,0,0,0,0,345,244,101
245102606042,249,133,0,5,0,17,21,26,6,0,0,21,12,25,0,0,0,0,34,0,0,0,0,0,0,0,0,0,0,0,0,0,0,6,0,16,6,6,0,0,0,0,0,133,99,34
245102716006,627,172,0,21,9,8,28,0,34,0,0,38,34,0,0,0,0,0,109,0,0,0,0,0,0,0,0,0,0,28,0,0,6,0,0,0,9,34,0,0,0,0,0,172,63,109
245102609003,1516,849,21,45,9,18,32,11,26,13,26,10,71,109,88,115,151,104,651,0,0,0,0,0,0,0,0,0,0,0,11,0,0,30,0,0,8,21,84,282,192,23,0,849,198,651
245102610002,918,232,2,49,0,10,5,41,0,31,0,26,28,29,0,11,0,0,135,0,0,0,0,0,0,0,0,5,0,0,0,14,9,0,0,24,78,0,5,0,0,0,0,232,97,135
245102701011,873,319,13,18,0,29,6,5,4,4,11,8,37,38,53,37,53,3,46,0,0,0,0,0,0,0,0,0,0,0,15,5,0,0,0,0,17,4,5,0,0,0,0,319,273,46
245102719001,913,284,0,0,7,0,9,0,0,0,0,23,0,38,45,59,49,54,18,0,0,0,0,0,0,0,0,0,0,0,0,0,9,0,0,0,0,0,0,0,0,0,0,284,266,18
245102720034,1863,689,84,16,20,75,17,0,39,0,19,75,95,48,119,19,33,30,182,0,0,0,0,65,0,0,0,0,0,0,0,0,0,0,0,18,40,25,34,0,0,0,0,689,507,182
245102720033,1230,473,0,47,0,0,19,17,0,41,71,84,19,80,38,30,16,11,237,0,0,0,0,0,0,0,0,0,0,0,0,0,0,19,0,0,153,45,20,0,0,0,0,473,236,237
245100103001,929,379,8,0,0,0,0,17,0,0,0,7,18,30,66,67,95,71,94,0,0,0,0,0,0,0,0,0,0,0,0,0,0,0,0,0,0,0,30,17,47,0,0,379,285,94
245100803013,679,212,0,12,9,4,48,7,13,0,17,26,21,17,20,18,0,0,127,0,0,0,0,4,0,0,0,0,14,0,0,0,17,0,0,21,9,23,24,4,0,0,0,212,85,127
245101513001,1466,542,85,28,130,14,23,0,35,21,0,55,37,77,0,37,0,0,340,0,0,0,0,0,0,78,12,0,10,0,0,0,0,24,30,61,81,0,18,26,0,0,0,542,202,340
245101606005,656,239,0,14,11,0,0,8,0,35,8,40,61,40,14,0,0,8,76,0,0,0,0,0,32,0,0,0,0,0,0,0,0,0,0,0,25,0,19,0,0,0,0,239,163,76
245102803012,862,309,42,0,0,0,0,0,26,58,11,38,9,65,52,0,0,8,238,0,0,0,0,0,0,0,0,0,0,0,0,0,58,0,0,0,90,64,26,0,0,0,0,309,71,238
245102201002,2005,1218,99,226,102,14,10,69,16,24,26,120,42,78,97,26,78,191,812,0,44,41,104,15,39,71,38,55,0,0,28,13,25,0,33,0,12,82,114,13,13,0,59,1218,406,812
245102502071,1050,455,51,17,67,15,34,56,34,22,19,61,19,17,9,10,0,24,447,0,6,0,0,18,0,0,9,0,15,0,0,15,0,21,73,121,154,0,9,6,0,0,0,455,8,447
245102503032,1195,332,20,34,28,7,53,29,16,5,19,19,14,46,9,0,20,13,178,0,0,0,0,27,0,17,6,0,0,0,0,0,0,0,0,0,58,49,14,0,0,0,0,332,154,178
245102602021,76,61,28,15,0,0,0,0,0,18,0,0,0,0,0,0,0,0,15,0,0,0,0,0,0,0,0,15,0,0,0,0,0,0,0,0,0,0,0,0,0,0,0,61,46,15
245102602023,1742,654,56,0,43,67,24,9,18,32,74,86,40,140,30,22,0,13,79,0,0,0,0,0,0,0,0,0,0,0,0,0,0,0,0,17,0,0,47,0,0,0,0,654,575,79
245102603023,958,364,80,12,47,0,66,10,0,0,0,63,13,39,34,0,0,0,160,0,0,0,0,0,0,0,0,0,0,0,0,0,0,0,0,0,71,42,47,0,0,0,0,364,204,160
245102603024,1734,744,162,68,14,0,0,85,80,0,45,137,47,58,33,0,0,15,274,0,0,0,0,0,27,0,0,0,0,0,0,0,0,50,50,0,147,0,0,0,0,0,0,744,470,274
245102604012,2592,871,147,103,20,43,40,44,45,46,54,70,63,109,71,0,0,16,408,0,0,0,0,0,0,0,11,36,67,0,50,0,16,17,83,8,53,25,0,0,0,0,0,871,463,408
245102703014,975,451,24,0,19,0,30,20,24,56,43,0,88,63,32,15,30,7,50,0,0,0,0,0,0,0,0,0,0,0,0,0,0,0,0,0,0,13,37,0,0,0,0,451,401,50
245102708021,1141,451,18,0,0,0,0,95,19,23,0,67,179,16,0,34,0,0,95,0,0,0,0,0,0,0,0,0,0,0,0,0,0,0,0,0,0,0,95,0,0,0,0,451,356,95
245102708025,481,199,0,0,0,0,18,0,54,0,19,12,19,17,16,44,0,0,44,0,0,0,0,0,0,0,0,0,0,0,0,0,0,0,0,0,0,44,0,0,0,0,0,199,155,44
245102720035,1112,285,0,0,10,0,0,0,0,0,20,59,9,0,64,62,61,0,142,0,0,0,0,0,0,0,0,0,0,0,0,0,0,0,0,20,122,0,0,0,0,0,0,285,143,142
245102002005,482,161,8,10,47,0,0,0,49,0,9,5,33,0,0,0,0,0,55,0,0,0,0,0,0,0,0,0,0,0,0,0,0,0,0,0,10,12,0,0,0,0,0,161,106,55
245100901001,1329,444,25,42,8,27,47,0,36,83,0,33,35,50,58,0,0,0,232,0,0,0,0,0,0,0,0,0,0,0,0,13,0,0,69,21,76,24,29,0,0,0,0,444,212,232
245100901002,748,325,15,0,30,0,17,0,0,37,0,36,36,63,42,9,40,0,50,0,0,0,0,0,0,0,0,0,0,0,0,0,0,0,0,0,0,0,50,0,0,0,0,325,275,50
245102003001,333,143,41,12,0,6,5,18,15,0,14,0,13,6,13,0,0,0,126,0,0,0,0,0,0,0,0,0,0,0,0,20,19,0,12,13,41,16,0,0,0,0,0,143,17,126
245102715013,851,309,24,0,7,0,0,16,10,21,7,0,8,16,36,26,31,107,89,0,0,0,0,0,0,0,0,0,0,0,0,0,0,0,0,0,41,14,8,10,0,0,0,309,220,89
245102502032,832,343,43,27,17,12,36,34,23,0,14,20,46,50,21,0,0,0,223,0,0,6,0,0,0,0,0,0,0,6,0,0,0,11,27,20,102,34,8,0,9,0,0,343,120,223
245101102002,1558,1075,96,116,135,96,38,44,92,73,46,16,48,106,0,33,49,87,896,0,0,0,54,55,0,15,17,0,0,0,77,61,88,45,0,66,291,33,31,39,0,0,0,1075,179,896
245101507011,343,191,47,18,11,5,23,13,7,0,11,13,7,0,19,0,10,7,101,0,15,21,0,0,0,5,0,0,0,0,0,0,0,0,23,0,18,7,0,0,0,0,0,191,90,101
245102101001,817,319,30,6,4,12,57,16,16,0,4,22,50,46,13,7,25,11,206,0,0,0,0,0,0,0,0,7,0,0,0,0,0,0,10,39,53,45,34,13,0,0,0,319,113,206
245101606003,611,175,18,30,5,18,0,0,35,6,0,35,0,0,28,0,0,0,110,4,0,0,0,0,0,0,0,0,0,10,0,0,0,0,28,0,33,35,0,0,0,0,0,175,65,110
245101606001,718,149,26,0,0,13,33,0,12,0,0,0,5,36,0,0,24,0,78,0,0,0,0,0,0,0,0,0,0,0,0,26,0,0,38,0,0,14,0,0,0,0,0,149,71,78
245102401001,2512,1192,36,10,0,0,0,0,54,15,57,65,63,108,101,126,194,363,441,0,0,0,0,0,0,0,0,0,0,0,0,0,0,7,0,0,16,17,192,115,38,42,14,1192,751,441
245102606052,1613,490,50,22,66,35,33,46,7,42,0,39,87,40,23,0,0,0,242,0,0,0,0,0,0,0,0,0,14,0,0,0,0,11,5,33,65,61,53,0,0,0,0,490,248,242
245102715031,850,644,18,28,11,5,47,16,16,34,36,79,49,104,30,52,38,81,100,0,0,0,0,0,0,0,0,0,0,0,0,0,2,0,13,0,17,39,19,4,0,0,0,644,544,100
245101002003,820,189,153,36,0,0,0,0,0,0,0,0,0,0,0,0,0,0,189,26,11,34,61,0,46,0,0,0,0,0,0,0,0,0,0,0,0,0,11,0,0,0,0,189,0,189
245101508006,307,102,0,9,0,0,0,36,0,0,0,0,10,31,16,0,0,0,46,0,0,0,0,0,0,0,0,0,8,0,28,0,0,0,0,10,0,0,0,0,0,0,0,102,56,46
245101403002,491,131,0,6,26,22,0,0,11,9,0,37,8,7,0,0,5,0,85,0,0,0,0,0,0,0,0,0,0,0,0,0,20,0,0,0,22,32,11,0,0,0,0,131,46,85
245101001004,367,175,28,4,0,34,34,7,6,7,9,7,27,0,12,0,0,0,83,0,0,0,6,0,0,0,0,0,0,0,0,0,11,21,13,23,9,0,0,0,0,0,0,175,92,83
245100604001,526,248,6,0,0,17,26,13,11,29,10,19,48,20,9,5,15,20,153,0,0,0,0,0,0,0,0,0,0,0,0,7,20,5,20,7,26,20,25,5,0,0,0,248,95,153
245101508005,787,348,82,8,0,7,11,24,26,0,0,30,30,66,48,0,10,6,183,0,0,8,0,0,0,0,0,0,0,0,0,0,0,7,33,90,45,0,0,0,0,0,0,348,165,183
245102712004,1475,436,0,0,0,0,0,0,0,0,0,20,12,0,0,10,119,275,0,0,0,0,0,0,0,0,0,0,0,0,0,0,0,0,0,0,0,0,0,0,0,0,0,436,436,0
245102720032,1154,374,40,0,16,0,14,28,88,0,0,0,16,16,96,12,48,0,205,0,0,0,0,0,0,0,0,0,0,0,0,0,0,0,0,25,83,62,14,21,0,0,0,374,169,205
245102705021,734,402,50,0,12,0,50,9,43,20,11,38,10,88,37,20,14,0,235,0,0,0,0,0,28,0,9,0,0,0,0,0,0,0,90,32,66,0,0,0,0,0,0,402,167,235
245100909002,346,161,12,27,23,26,40,18,0,0,0,0,4,0,0,0,0,11,146,0,0,0,0,0,6,0,0,0,12,0,0,0,35,27,26,30,0,0,0,0,0,0,0,161,15,146
245102005003,325,117,18,0,11,0,13,34,20,11,0,0,0,10,0,0,0,0,60,0,0,0,0,13,0,0,0,0,0,0,0,0,0,0,0,0,16,20,11,0,0,0,0,117,57,60
245102606056,64,49,0,0,0,0,0,0,0,0,0,0,0,0,49,0,0,0,0,0,0,0,0,0,0,0,0,0,0,0,0,0,0,0,0,0,0,0,0,0,0,0,0,49,49,0
245100803021,541,178,9,0,8,0,74,25,0,7,0,33,12,0,10,0,0,0,96,0,0,0,0,0,0,0,0,0,0,33,0,0,0,0,0,0,0,0,63,0,0,0,0,178,82,96
245100805002,289,128,20,5,0,0,31,6,11,8,6,0,7,15,6,0,0,13,51,0,0,0,0,0,0,0,0,0,0,0,0,0,7,0,0,0,16,20,0,0,0,0,0,128,77,51
245101205002,1301,551,63,11,48,34,20,22,3,8,28,26,102,71,46,18,8,43,390,0,17,0,0,14,6,6,0,0,8,14,0,0,0,13,53,44,51,40,90,28,0,0,0,551,161,390
245101202021,989,0,0,0,0,0,0,0,0,0,0,0,0,0,0,0,0,0,0,0,0,0,0,0,0,0,0,0,0,0,0,0,0,0,0,0,0,0,0,0,0,0,0,0,0,0
245101202025,672,398,105,16,15,9,19,21,30,62,39,35,16,0,0,0,0,31,379,0,0,0,0,0,0,0,0,0,16,21,31,0,8,30,35,45,145,39,9,0,0,0,0,398,19,379
245101203004,1350,492,133,61,38,19,33,12,28,0,8,11,24,46,54,0,0,25,325,0,0,9,36,22,0,22,0,10,0,16,11,21,18,0,30,11,50,41,6,22,0,0,0,492,167,325
245101206003,650,532,208,30,93,60,22,33,10,17,15,0,10,26,8,0,0,0,490,32,0,8,128,8,26,10,13,0,0,0,12,23,4,21,58,10,42,0,37,29,0,0,0,532,42,490
245101402001,1079,345,100,38,21,31,0,13,32,0,38,25,25,12,10,0,0,0,309,51,0,41,0,32,0,35,31,0,0,0,0,13,0,0,0,38,15,29,24,0,0,0,0,345,36,309
245102002003,432,165,5,46,17,0,8,11,7,0,0,29,0,21,21,0,0,0,75,0,0,0,0,0,0,0,0,0,0,46,0,0,0,0,0,0,21,0,8,0,0,0,0,165,90,75
245102007021,282,129,28,27,0,17,2,0,4,0,0,5,21,16,0,0,9,0,60,0,0,0,0,0,0,0,0,0,0,0,0,0,0,0,0,0,5,6,39,0,0,0,0,129,69,60
245102603025,535,165,0,0,0,18,17,0,18,0,0,0,67,9,16,15,5,0,35,0,0,0,0,0,0,0,0,0,0,0,0,0,0,0,17,18,0,0,0,0,0,0,0,165,130,35
245101502002,699,295,72,7,25,5,10,25,26,0,20,0,56,5,24,20,0,0,178,6,0,18,0,38,0,0,0,0,0,6,38,0,0,0,0,6,56,0,10,0,0,0,0,295,117,178
245101506002,446,166,13,12,20,52,0,0,0,0,0,0,20,11,38,0,0,0,108,0,0,0,0,0,0,0,0,0,0,0,10,0,0,22,11,0,30,25,0,0,0,0,0,166,58,108
245102708041,1176,491,48,0,27,9,16,34,0,19,4,126,20,80,12,42,37,17,356,0,4,0,0,0,0,0,0,0,0,0,4,0,0,17,28,9,261,33,0,0,0,0,0,491,135,356
245102708054,838,311,7,16,0,12,54,19,36,36,0,11,10,28,34,44,4,0,37,0,0,0,0,0,0,0,0,0,0,0,0,0,26,0,7,0,0,0,4,0,0,0,0,311,274,37
245102708053,778,269,50,14,0,56,17,10,27,12,0,0,35,0,13,9,0,26,193,0,0,0,0,0,0,0,0,0,0,0,0,0,0,0,94,29,33,6,31,0,0,0,0,269,76,193
245102711021,3805,178,4,0,5,0,5,0,0,6,0,0,18,8,0,4,19,109,0,0,0,0,0,0,0,0,0,0,0,0,0,0,0,0,0,0,0,0,0,0,0,0,0,178,178,0
245102718024,1170,410,14,43,68,61,52,16,48,4,0,4,70,14,0,5,6,5,205,0,0,0,0,0,0,16,0,0,20,0,0,20,13,0,17,27,41,32,14,0,0,0,0,410,205,205
245102801012,1487,543,31,50,11,19,36,38,43,21,55,44,49,58,47,8,0,33,412,0,0,0,0,0,0,0,0,0,0,22,0,0,0,0,25,69,193,42,61,0,0,0,0,543,131,412
245102804021,476,168,11,0,0,0,0,6,0,49,0,40,25,7,13,5,12,0,47,0,0,0,0,0,0,0,0,0,0,0,0,0,0,0,0,5,0,0,36,0,0,0,0,168,121,47
245102804031,704,355,75,0,0,0,88,0,0,19,27,25,31,51,14,25,0,0,218,0,0,0,0,0,0,0,0,0,0,0,0,0,0,0,0,44,63,86,0,25,0,0,0,355,137,218
245102713003,861,276,0,0,0,0,0,11,0,0,0,0,12,10,22,7,60,154,23,0,0,0,0,0,0,0,0,0,0,0,0,0,0,0,0,0,0,23,0,0,0,0,0,276,253,23
245102501034,605,362,0,9,45,56,12,23,39,7,0,10,87,27,47,0,0,0,213,0,0,0,0,0,0,10,0,0,0,0,0,0,0,0,46,42,106,0,9,0,0,0,0,362,149,213
245102501032,610,254,9,0,15,0,12,0,26,47,5,23,39,24,19,18,10,7,77,0,0,0,0,0,0,0,0,0,0,0,0,0,0,0,0,15,0,30,32,0,0,0,0,254,177,77
245102801025,1841,740,0,19,53,15,29,0,0,0,37,242,38,178,119,10,0,0,205,0,0,0,0,0,0,0,0,0,0,0,0,0,17,0,0,16,17,143,0,0,0,0,0,740,535,205
245101101001,1798,1192,98,30,68,46,28,48,108,16,0,154,185,159,97,55,75,25,949,0,0,0,0,0,0,0,0,11,0,0,0,0,0,16,35,170,264,323,76,41,0,0,0,1192,243,949
245100903003,636,308,11,12,0,0,7,23,0,12,32,3,22,86,66,0,34,0,48,0,0,0,0,0,0,0,0,0,0,0,0,0,0,0,6,0,0,27,5,10,0,0,0,308,260,48
245101003001,3676,0,0,0,0,0,0,0,0,0,0,0,0,0,0,0,0,0,0,0,0,0,0,0,0,0,0,0,0,0,0,0,0,0,0,0,0,0,0,0,0,0,0,0,0,0
245101306002,719,380,0,6,0,12,14,0,7,19,5,24,47,64,60,25,24,73,128,0,0,0,0,0,0,0,0,0,0,0,0,0,10,0,3,14,62,15,19,5,0,0,0,380,252,128
245101306003,737,342,24,13,50,0,0,8,8,0,8,9,16,57,83,41,12,13,191,0,0,0,0,0,0,0,0,0,0,0,13,0,0,0,15,0,25,24,107,7,0,0,0,342,151,191
245101602001,1024,376,54,21,13,13,34,9,19,38,7,26,20,87,9,4,15,7,124,0,0,0,0,0,0,20,0,0,0,0,0,0,5,2,33,0,10,9,0,12,0,0,0,376,252,124
245100102002,525,251,0,0,0,0,0,0,0,41,0,25,0,81,25,22,34,23,60,0,0,0,0,0,0,0,0,0,0,0,0,0,0,0,8,0,0,0,21,22,4,0,0,251,191,60
245100102003,1128,514,31,12,22,0,0,0,9,12,9,0,60,42,40,123,77,77,46,0,0,0,0,0,0,0,0,0,0,0,0,0,11,0,0,0,0,8,9,18,0,0,0,514,468,46
245101607002,942,337,18,16,11,33,69,0,54,13,0,54,53,0,0,16,0,0,213,0,0,18,0,0,0,0,0,0,0,0,0,0,9,25,0,30,10,23,41,39,0,0,0,337,124,213
245101607001,305,123,0,0,11,0,9,24,24,0,7,18,0,30,0,0,0,0,15,0,0,0,0,0,0,0,0,0,0,0,0,0,0,0,0,0,9,6,0,0,0,0,0,123,108,15
245101801001,1069,472,148,60,59,29,41,30,0,27,13,5,46,8,0,0,6,0,395,0,12,0,34,36,12,15,20,20,25,39,5,16,11,29,0,37,56,19,0,0,0,0,0,472,77,395
245101803001,553,342,54,9,35,14,52,12,6,0,0,37,15,29,29,12,0,38,250,0,0,0,0,0,0,0,0,0,12,0,0,5,7,0,67,0,134,21,4,0,0,0,0,342,92,250
245101603001,562,169,55,6,6,19,0,0,8,6,8,7,18,17,0,6,0,13,87,0,0,0,0,0,0,0,0,0,0,0,0,0,17,0,0,6,42,19,0,0,0,0,0,169,82,87
245101604002,677,192,25,63,7,0,0,0,0,22,0,19,38,5,13,0,0,0,96,20,0,0,0,0,0,0,0,7,0,0,14,0,0,17,0,0,38,0,0,0,0,0,0,192,96,96
245101604001,263,103,10,25,43,0,0,0,0,0,0,14,11,0,0,0,0,0,68,0,0,0,0,0,0,5,0,0,0,0,0,0,0,17,13,0,6,20,7,0,0,0,0,103,35,68
245102702001,625,243,12,0,0,8,6,17,16,0,8,23,54,57,10,0,15,17,65,0,0,0,0,0,0,0,0,0,0,0,18,0,0,17,0,3,0,12,15,0,0,0,0,243,178,65
245101207002,747,356,35,0,0,22,62,0,56,5,5,50,56,26,34,5,0,0,186,0,0,0,0,0,0,0,0,0,0,16,0,15,0,0,9,24,85,9,19,5,0,0,0,356,170,186
245101207003,886,351,0,19,0,0,0,9,28,0,8,44,22,66,69,62,24,0,162,0,0,0,0,0,0,0,0,0,0,0,0,0,0,0,0,10,8,62,65,0,0,0,0,351,189,162
245101207001,626,331,27,5,0,21,18,33,0,5,0,31,25,66,30,57,13,0,110,0,0,0,0,0,0,0,0,0,6,0,0,0,0,21,0,0,15,27,41,0,0,0,0,331,221,110
245101304003,604,239,41,34,29,20,35,7,5,0,0,21,6,19,0,16,6,0,150,0,0,0,11,0,0,0,0,0,8,0,0,0,26,14,0,36,12,28,15,0,0,0,0,239,89,150
245101304002,761,302,56,19,6,50,0,20,32,24,13,17,33,27,0,0,5,0,211,0,0,0,0,0,0,0,0,13,0,13,0,0,7,0,21,31,25,56,32,0,0,0,0,302,91,211
245101304001,691,236,6,46,16,15,29,6,7,12,19,31,0,12,7,6,0,24,105,0,0,0,0,5,0,0,0,0,0,6,0,0,0,7,0,0,25,0,44,18,0,0,0,236,131,105
245101307002,780,391,14,32,15,0,42,14,24,0,14,15,27,48,28,23,69,26,155,0,0,0,0,0,0,0,0,0,0,0,0,0,0,0,0,43,62,26,13,0,0,0,0,391,236,155
245101307003,377,221,0,29,0,0,0,8,0,13,13,31,0,29,55,14,12,17,85,0,0,0,0,0,0,0,0,0,0,0,0,0,0,0,0,0,42,29,0,14,0,0,0,221,136,85
245102805004,438,200,55,34,40,18,0,5,0,11,0,30,0,0,0,0,0,7,170,0,0,12,67,7,34,26,0,0,10,0,0,0,0,0,0,0,5,0,9,0,0,0,0,200,30,170
245102720041,1562,667,29,29,0,25,60,0,77,41,13,86,105,98,78,8,18,0,650,0,0,0,0,0,0,0,0,0,0,0,0,0,0,64,0,54,188,336,8,0,0,0,0,667,17,650
245102720042,2336,1175,111,42,143,87,109,101,36,75,43,61,53,53,122,0,71,68,513,0,0,0,49,0,0,66,0,0,0,0,0,0,0,0,0,82,77,147,28,17,0,0,0,1175,662,513
245102720061,2615,1213,163,134,176,71,28,88,27,56,60,65,94,102,56,73,0,20,865,10,0,7,46,47,50,41,13,0,0,25,7,9,0,30,76,147,201,107,17,0,0,0,0,1213,348,865
245102720062,919,409,72,43,8,8,39,0,44,8,0,7,61,38,44,4,20,13,232,0,18,0,19,28,10,17,0,0,0,0,0,0,7,0,8,7,31,34,15,0,0,0,0,409,177,232
245102805001,849,372,193,15,107,25,15,0,0,0,0,0,0,17,0,0,0,0,372,23,63,34,63,53,82,0,19,13,0,0,3,0,0,14,0,0,5,0,0,0,0,0,0,372,0,372
245102805003,417,322,105,92,7,22,31,0,0,8,6,19,18,14,0,0,0,0,286,0,0,0,140,61,25,0,0,5,0,0,0,6,0,6,6,7,17,0,13,0,0,0,0,322,36,286
245101307006,1133,638,31,49,69,49,0,0,29,14,20,53,40,62,119,17,31,55,402,0,0,0,0,0,0,0,0,127,0,17,99,0,0,0,0,0,0,16,60,64,19,0,0,638,236,402
245100702002,547,213,58,43,0,7,17,16,0,38,0,34,0,0,0,0,0,0,200,0,0,0,0,0,0,0,11,0,40,0,16,0,0,0,38,12,18,37,15,0,0,0,0,213,13,200
245100702001,620,147,14,17,15,23,0,3,0,0,5,11,0,0,0,23,25,11,90,0,0,0,0,0,0,0,0,0,0,0,0,0,0,17,0,0,36,37,0,0,0,0,0,147,57,90
245100702005,397,191,7,13,19,0,0,16,0,46,0,21,13,46,0,10,0,0,113,0,0,0,0,0,0,0,0,0,0,7,0,0,0,7,32,0,30,37,0,0,0,0,0,191,78,113
245100703001,533,210,48,9,14,13,14,18,0,9,17,21,8,15,7,0,17,0,133,0,0,0,0,7,0,0,6,0,0,0,0,6,18,0,11,30,13,17,20,0,0,0,0,210,77,133
245100704002,384,239,39,82,7,23,24,4,6,19,0,24,5,6,0,0,0,0,239,8,0,29,0,5,0,0,0,0,0,7,6,0,6,0,37,30,98,0,5,0,0,0,0,239,0,239
245100704003,832,344,83,54,63,1,15,71,0,0,21,0,8,2,17,9,0,0,335,0,0,0,0,7,35,0,24,0,12,0,0,1,12,23,53,42,65,4,21,17,0,0,0,344,9,335
245100804001,717,189,45,0,11,6,0,18,0,20,21,18,23,9,4,0,0,14,111,0,0,0,0,0,0,0,0,0,0,0,20,0,20,0,6,0,37,13,5,0,0,0,0,189,78,111
245101301001,413,162,20,22,19,0,0,0,0,0,0,36,27,0,23,15,0,0,122,0,0,0,0,19,0,0,0,0,0,0,0,22,19,0,0,20,0,27,0,15,0,0,0,162,40,122
245101301002,860,476,207,81,30,73,34,0,0,0,17,0,0,0,9,13,12,0,411,31,11,39,78,75,39,0,33,0,0,0,0,10,0,17,0,11,44,0,23,0,0,0,0,476,65,411
245101302002,539,208,46,13,0,24,0,0,25,13,6,5,0,19,26,0,0,31,127,0,0,0,0,0,0,25,0,13,0,0,0,0,0,0,0,49,0,0,21,19,0,0,0,208,81,127
245101302001,876,329,28,0,6,30,0,5,25,0,41,8,0,52,51,26,57,0,128,0,0,0,0,0,0,11,0,0,0,0,0,0,0,0,11,9,41,46,0,0,0,0,0,329,201,128
245100905001,530,209,34,18,23,0,0,13,7,30,10,0,10,35,27,2,0,0,82,0,0,0,0,0,0,0,0,0,4,0,0,0,6,15,0,27,9,0,15,0,0,0,0,209,127,82
245100908001,491,172,30,40,22,0,0,0,25,20,13,0,0,0,22,0,0,0,50,0,0,0,0,0,0,0,0,0,0,0,0,0,19,0,0,0,20,0,11,0,0,0,0,172,122,50
245100908004,1168,287,23,13,20,25,9,33,50,0,0,20,23,20,29,6,16,0,120,0,0,0,0,0,0,0,0,0,0,0,0,0,0,0,0,7,52,20,19,0,0,0,0,287,167,120
245100908005,203,80,32,0,0,8,0,0,32,0,0,8,0,0,0,0,0,0,60,0,0,0,0,0,0,0,0,0,0,0,0,0,32,0,0,0,0,0,0,0,0,0,0,80,20,60
245100908002,601,217,28,19,17,34,6,7,0,15,0,22,16,36,17,0,0,0,98,0,0,0,0,0,0,0,0,0,0,0,0,0,0,0,13,0,17,36,0,0,0,0,0,217,119,98
245100908003,439,190,46,11,7,0,12,10,0,32,0,8,51,13,0,0,0,0,105,0,0,0,11,0,0,0,0,0,0,0,0,0,0,0,0,24,29,41,0,0,0,0,0,190,85,105
245101201001,1485,493,15,15,0,0,28,0,69,14,10,0,18,27,49,23,44,181,69,0,0,0,0,0,0,0,0,0,0,0,0,0,0,0,0,0,0,0,55,14,0,0,0,493,424,69
245101201002,833,444,15,10,18,18,18,22,17,15,0,45,59,54,20,26,62,45,277,0,0,0,0,0,0,0,0,0,0,0,0,0,0,0,0,11,95,121,21,29,0,0,0,444,167,277
245101201003,849,536,39,27,19,15,0,53,16,0,0,17,69,80,29,50,54,68,152,0,0,0,0,0,0,0,0,0,0,0,0,0,0,0,0,0,17,45,72,18,0,0,0,536,384,152
245100203002,1074,639,22,26,23,0,9,0,18,17,48,57,87,12,43,31,88,158,404,0,0,0,0,0,0,0,0,0,0,0,0,0,0,0,23,18,28,26,143,101,47,18,0,639,235,404
245101504003,2276,581,40,41,38,71,18,11,70,44,44,46,66,51,19,22,0,0,388,0,23,0,0,0,0,0,77,0,40,0,10,0,11,20,20,29,63,49,24,0,0,0,0,581,193,388
245101504001,727,287,89,33,19,19,9,33,22,10,0,0,9,34,10,0,0,0,142,0,0,0,0,8,0,0,25,0,0,18,10,0,0,0,10,0,48,0,23,0,0,0,0,287,145,142
245102610004,887,355,6,18,14,0,0,19,4,0,18,71,52,40,23,49,26,15,55,0,0,0,0,0,0,0,0,0,0,0,0,0,0,0,6,9,0,0,0,0,21,0,0,355,300,55
245102610003,797,269,95,0,18,0,10,38,0,0,0,30,34,0,7,0,0,37,154,0,0,0,0,0,0,0,0,4,0,0,0,0,0,0,0,19,32,36,63,0,0,0,0,269,115,154
245102610001,201,143,7,16,0,7,22,48,0,7,0,0,0,36,0,0,0,0,74,0,0,0,0,0,23,0,0,0,0,0,0,0,0,22,0,0,0,0,29,0,0,0,0,143,69,74
245102701012,638,256,5,0,6,6,11,6,34,18,12,34,40,14,39,0,10,21,61,0,0,0,0,0,0,0,0,0,0,0,0,0,0,0,17,26,5,0,5,0,0,0,0,256,195,61
245102719004,640,198,29,0,31,0,27,0,0,13,9,0,10,14,33,0,32,0,44,0,0,0,0,0,0,9,8,0,0,0,0,0,0,0,0,0,27,0,0,0,0,0,0,198,154,44
245102719003,669,324,52,19,56,0,21,19,13,0,11,9,7,62,16,10,29,0,170,0,0,0,50,0,0,8,0,0,0,19,0,10,0,0,0,0,27,26,0,0,0,30,0,324,154,170
245102719002,593,231,24,0,10,52,13,0,0,11,0,0,23,12,0,30,49,7,37,0,0,0,0,0,0,0,0,0,13,0,0,0,9,0,0,0,0,0,0,15,0,0,0,231,194,37
245102719005,1000,422,46,61,22,25,16,11,17,83,10,28,58,12,0,0,33,0,154,0,0,0,0,0,0,0,0,0,0,0,0,0,52,3,9,20,33,0,27,0,0,0,0,422,268,154
245102720031,763,220,0,0,0,0,0,15,0,28,16,0,18,17,13,17,34,62,31,0,0,0,0,0,0,0,0,0,0,0,0,0,0,0,15,0,16,0,0,0,0,0,0,220,189,31
245100103002,1642,700,0,11,4,10,11,7,23,0,0,38,52,119,52,86,149,138,281,0,0,0,0,0,0,0,0,0,0,0,0,0,0,0,0,0,21,0,66,99,60,12,0,700,419,281
245100803011,276,123,28,14,0,6,5,0,4,25,12,15,0,8,0,0,6,0,43,0,0,0,0,0,0,0,0,0,0,0,0,0,0,0,11,0,20,0,0,0,0,0,0,123,80,43
245100803012,741,246,73,22,28,0,8,12,14,21,4,12,12,19,4,12,0,5,136,0,0,0,0,0,20,0,0,0,4,0,0,0,0,0,22,23,24,13,14,0,0,0,0,246,110,136
245101101002,1343,807,39,37,33,14,54,52,55,28,45,104,69,92,119,37,0,29,734,0,0,0,0,0,0,0,0,0,0,0,0,13,28,28,44,65,142,99,264,51,0,0,0,807,73,734
245101307004,513,340,0,55,23,0,46,14,28,14,17,67,0,45,0,0,14,17,228,0,0,0,0,0,0,0,0,71,0,0,98,0,0,31,0,0,12,0,16,0,0,0,0,340,112,228
245101403001,665,299,112,28,28,0,0,15,12,19,0,3,15,13,0,35,7,12,217,0,9,0,7,7,24,46,0,0,14,0,20,0,0,16,43,0,18,13,0,0,0,0,0,299,82,217
245101403003,589,248,47,7,28,7,5,0,17,14,30,23,14,6,5,0,45,0,165,0,0,0,0,0,0,0,8,0,0,0,0,0,0,0,0,63,48,16,6,0,0,0,0,248,83,165
245100203001,1539,766,116,11,19,33,0,0,10,0,16,44,149,92,32,13,75,156,341,0,64,0,31,0,0,0,0,10,0,0,0,0,0,0,0,0,0,58,49,94,13,4,0,766,425,341
245101503002,1019,325,25,6,15,27,40,14,15,20,10,31,37,14,30,4,9,28,91,0,0,0,0,0,0,0,14,0,0,0,0,6,0,11,6,0,13,9,27,0,0,0,0,325,234,91
245101503003,652,185,26,6,0,15,0,26,32,0,0,11,23,41,5,0,0,0,119,0,0,0,4,0,0,0,16,0,0,0,0,0,0,7,8,0,28,6,15,0,0,0,0,185,66,119
245101507023,369,166,33,64,0,11,16,5,0,0,3,2,21,0,11,0,0,0,102,0,0,0,0,0,0,10,0,10,0,0,0,11,0,10,0,10,40,11,0,0,0,0,0,166,64,102
245101511005,668,283,64,0,0,21,8,28,0,19,0,82,0,23,19,19,0,0,175,0,0,0,0,43,0,22,20,0,0,0,0,0,0,0,8,0,0,0,82,0,0,0,0,283,108,175
245101511003,898,303,0,21,0,0,45,0,25,20,13,113,46,0,0,0,20,0,0,0,0,0,0,0,0,0,0,0,0,0,0,0,0,0,0,0,0,0,0,0,0,0,0,303,303,0
245101511006,1439,520,80,0,24,46,0,25,24,0,0,109,90,22,0,22,53,25,107,0,0,0,0,0,0,0,0,0,0,0,0,0,24,0,0,26,0,22,21,0,0,0,0,520,413,107
245101511002,1766,759,70,43,51,26,69,108,46,0,14,19,41,112,126,19,0,15,378,0,0,0,0,0,0,0,0,0,0,0,0,0,0,65,25,93,127,0,0,21,0,0,0,759,381,378
245101513002,571,231,117,0,17,16,7,7,14,26,10,9,0,8,0,0,0,0,116,0,0,0,0,0,0,20,16,0,0,0,0,0,0,0,0,16,25,22,8,0,0,0,0,231,115,116
245101513005,1157,404,81,42,0,29,28,23,102,36,8,0,7,27,21,0,0,0,319,0,0,0,0,0,0,0,20,0,0,0,0,0,48,0,23,100,96,32,0,0,0,0,0,404,85,319
245101513004,564,192,13,0,36,39,6,18,0,0,16,9,10,29,16,0,0,0,134,0,0,0,0,0,0,0,0,0,0,0,0,0,23,9,0,6,18,55,7,0,0,0,0,192,58,134
245101901001,369,133,14,27,0,15,0,18,0,32,0,5,12,0,0,0,10,0,110,0,0,0,4,0,0,0,18,0,0,0,29,0,5,11,0,10,0,0,6,0,0,0,0,133,23,110
245101901003,976,366,81,66,58,27,34,20,6,16,0,28,0,17,13,0,0,0,316,0,29,0,28,11,17,16,13,21,7,0,0,6,0,17,55,6,46,23,0,14,0,0,0,366,50,316
245101202011,1289,484,19,5,11,0,2,39,24,6,29,30,48,81,35,31,56,68,200,0,0,0,0,0,0,0,0,0,0,7,0,6,0,8,5,12,32,33,40,19,22,11,0,484,284,200
245102804042,263,139,11,0,15,0,0,0,13,4,0,0,84,0,0,7,5,0,117,0,0,0,0,0,0,0,11,0,0,0,0,0,13,0,0,0,47,29,13,0,0,0,0,139,22,117
245102804041,2549,906,169,127,53,40,64,27,39,28,28,46,99,85,16,22,23,40,538,3,31,18,39,53,70,14,22,0,42,9,5,63,15,5,56,19,9,44,6,0,0,0,0,906,368,538
245101203001,1197,505,36,12,24,24,8,23,9,18,22,58,69,37,0,83,45,37,327,0,0,0,0,0,0,0,0,0,0,0,0,0,0,23,66,42,71,71,47,7,0,0,0,505,178,327
245101203003,836,299,9,0,39,41,28,8,0,4,9,17,11,57,17,30,18,11,145,0,0,0,0,0,0,0,0,0,0,0,20,0,0,0,10,8,17,32,43,11,4,0,0,299,154,145
245101206002,1285,582,126,41,11,11,0,64,5,25,25,99,75,36,19,17,28,0,544,0,27,0,0,29,0,0,0,0,26,0,28,0,11,30,60,120,105,23,65,15,0,0,0,582,38,544
245101206001,756,467,78,71,32,0,26,57,0,25,11,43,18,33,37,6,18,12,382,0,37,0,43,22,32,9,36,0,5,9,25,0,0,16,13,0,78,39,18,0,0,0,0,467,85,382
245101402004,282,103,0,14,30,0,15,0,0,0,0,11,0,33,0,0,0,0,77,0,0,0,0,0,0,0,0,0,0,0,0,0,0,0,0,30,33,0,14,0,0,0,0,103,26,77
245101402002,779,225,51,0,20,0,35,11,0,30,0,0,17,33,0,28,0,0,164,0,10,30,0,0,22,0,0,0,15,0,0,0,0,0,0,70,17,0,0,0,0,0,0,225,61,164
245101505001,719,309,29,26,26,44,15,26,6,24,14,29,20,7,30,13,0,0,229,0,0,0,0,6,9,0,7,5,15,24,5,29,11,4,12,3,35,27,14,0,18,0,0,309,80,229
245100104001,814,437,18,10,0,29,0,53,6,7,0,24,42,46,77,52,39,34,155,0,0,29,0,0,0,0,0,0,0,10,0,0,0,0,0,0,0,67,42,7,0,0,0,437,282,155
245100202001,677,333,17,5,0,5,44,4,0,17,15,30,38,42,18,26,35,37,199,0,0,0,0,0,0,0,0,0,0,0,0,15,38,15,18,10,27,30,6,11,13,8,5,333,134,199
245101402003,327,109,0,13,0,35,0,9,0,0,19,0,0,0,0,33,0,0,57,0,0,0,0,0,9,0,0,0,0,0,0,0,0,0,35,0,0,0,0,0,13,0,0,109,52,57
245101502003,1074,219,38,23,31,0,50,0,0,4,12,16,39,6,0,0,0,0,137,0,0,0,0,24,0,0,0,0,0,0,6,6,0,0,0,0,72,29,0,0,0,0,0,219,82,137
245102609002,923,365,0,0,9,0,8,20,9,0,0,31,48,48,83,33,20,56,104,0,0,0,0,0,0,0,0,0,0,0,0,0,0,0,0,0,7,18,47,18,0,5,0,365,261,104
245102609001,700,340,33,0,10,22,10,8,10,13,0,11,31,21,35,12,100,24,119,0,0,0,0,0,0,0,0,0,0,0,0,0,10,0,0,4,10,15,8,31,17,0,6,340,221,119
245102710011,821,223,6,11,6,6,39,0,10,0,28,6,25,62,18,0,0,6,104,0,0,0,0,0,0,0,0,13,0,0,0,0,0,0,0,0,19,26,39,0,7,0,0,223,119,104
245102710012,777,240,27,6,19,24,11,10,7,11,0,23,52,19,5,14,12,0,85,0,0,12,17,0,0,0,0,0,0,0,16,0,0,0,0,7,0,0,33,0,0,0,0,240,155,85
245100201002,1026,502,4,7,9,10,20,22,9,23,14,25,46,68,45,65,46,89,168,0,0,0,0,0,0,0,0,0,0,0,0,0,10,0,0,10,41,42,26,18,17,2,2,502,334,168
245100201001,687,306,14,8,0,26,15,16,5,0,4,28,47,43,13,31,29,27,138,0,0,0,0,0,0,8,0,0,0,0,5,0,0,16,0,7,0,40,47,15,0,0,0,306,168,138
245100601003,680,263,9,0,24,7,0,0,19,17,0,15,22,17,22,41,22,48,81,0,0,0,0,0,0,0,0,0,0,0,0,0,0,12,0,0,24,24,17,4,0,0,0,263,182,81
245100601002,1072,358,101,0,32,0,20,8,0,43,10,23,19,50,11,9,27,5,179,0,0,0,0,0,0,0,0,0,36,45,0,0,0,0,0,0,0,0,95,3,0,0,0,358,179,179
245100902002,1492,606,0,13,64,21,12,10,51,0,22,53,75,56,114,62,30,23,96,0,0,0,0,0,0,0,0,0,0,0,0,0,0,0,51,12,17,16,0,0,0,0,0,606,510,96
245100902001,1411,578,0,43,23,23,0,34,0,39,20,36,90,79,60,59,39,33,41,0,0,0,0,0,0,0,0,0,0,0,0,0,0,0,15,0,0,0,26,0,0,0,0,578,537,41
245100906003,347,148,10,11,9,32,0,10,0,13,10,53,0,0,0,0,0,0,32,0,0,0,0,0,0,0,0,0,0,0,0,0,0,0,0,0,32,0,0,0,0,0,0,148,116,32
245100906002,354,122,0,0,27,0,9,6,34,0,9,18,19,0,0,0,0,0,0,0,0,0,0,0,0,0,0,0,0,0,0,0,0,0,0,0,0,0,0,0,0,0,0,122,122,0
245100909001,562,188,11,0,19,0,0,27,39,23,11,14,17,0,12,15,0,0,121,0,0,0,0,0,12,10,0,0,0,0,0,0,0,11,25,43,0,13,0,7,0,0,0,188,67,121
245100909004,1233,409,36,81,63,81,27,0,28,16,13,24,32,0,0,8,0,0,340,13,0,0,0,99,0,0,12,24,28,0,0,0,0,0,0,30,118,16,0,0,0,0,0,409,69,340
245101001001,1267,294,25,16,31,6,68,22,0,6,4,68,43,0,5,0,0,0,193,0,0,0,19,0,0,30,11,0,0,0,0,0,0,0,23,23,69,14,0,4,0,0,0,294,101,193
245101001002,403,299,174,71,6,10,3,4,4,5,0,16,0,6,0,0,0,0,299,0,26,18,39,65,26,29,3,10,16,0,0,0,0,0,0,6,39,18,0,0,0,0,0,299,0,299
245101501003,834,342,99,65,31,6,42,25,0,11,16,17,0,20,0,0,0,10,254,62,24,0,36,0,25,0,26,0,0,15,28,0,30,0,0,0,8,0,0,0,0,0,0,342,88,254
245101501002,944,384,108,54,34,0,23,24,17,44,0,68,0,0,12,0,0,0,198,9,0,0,38,38,8,0,0,8,0,0,8,0,0,0,24,0,65,0,0,0,0,0,0,384,186,198
245101509002,859,327,0,21,10,8,8,0,9,14,0,71,22,65,17,41,31,10,87,0,0,0,0,0,0,0,0,0,0,0,0,0,0,0,0,45,42,0,0,0,0,0,0,327,240,87
245101509004,433,259,0,34,11,11,67,26,16,0,0,36,14,7,27,10,0,0,83,0,0,0,0,0,0,0,0,0,0,0,0,0,0,16,29,12,0,11,15,0,0,0,0,259,176,83
245102004002,875,238,29,32,8,32,21,52,0,24,3,9,18,10,0,0,0,0,147,0,0,15,14,0,0,0,0,0,0,0,0,0,21,0,16,10,44,13,14,0,0,0,0,238,91,147
245102004001,749,293,51,43,11,27,0,22,20,20,25,45,10,0,19,0,0,0,206,0,0,0,15,0,0,0,0,0,0,0,0,26,0,14,41,27,58,25,0,0,0,0,0,293,87,206
245102005001,190,76,25,20,0,31,0,0,0,0,0,0,0,0,0,0,0,0,76,0,0,0,0,25,0,0,0,0,0,0,0,0,0,0,0,0,43,0,8,0,0,0,0,76,0,76
245102005004,501,182,63,0,28,13,15,0,13,0,0,0,50,0,0,0,0,0,119,0,0,0,0,0,13,0,11,0,31,0,0,12,0,28,11,0,0,0,0,0,0,0,0,182,63,119
245102501012,2849,1014,85,27,0,28,14,39,44,32,11,169,120,158,141,72,33,41,378,0,0,0,20,0,0,0,0,0,0,0,0,0,0,0,15,32,168,69,74,0,0,0,0,1014,636,378
245102506001,0,0,0,0,0,0,0,0,0,0,0,0,0,0,0,0,0,0,0,0,0,0,0,0,0,0,0,0,0,0,0,0,0,0,0,0,0,0,0,0,0,0,0,0,0,0
245102604041,0,0,0,0,0,0,0,0,0,0,0,0,0,0,0,0,0,0,0,0,0,0,0,0,0,0,0,0,0,0,0,0,0,0,0,0,0,0,0,0,0,0,0,0,0,0
245102604043,1585,438,81,22,25,40,5,30,39,0,49,26,26,23,31,24,17,0,289,0,0,0,0,0,0,0,5,0,6,0,0,6,0,0,16,15,76,148,17,0,0,0,0,438,149,289
245101201004,1476,867,146,83,44,0,85,58,16,0,19,70,43,146,34,16,0,107,659,0,0,0,0,0,0,0,0,0,0,0,0,0,0,0,0,82,227,199,103,33,0,0,0,867,208,659
245101507013,778,253,5,23,5,5,58,8,9,5,18,32,27,5,12,12,29,0,90,0,0,0,0,0,0,0,0,5,0,5,0,0,0,0,0,5,25,8,42,0,0,0,0,253,163,90
245101507012,452,145,10,6,0,18,0,5,0,0,21,5,50,11,0,19,0,0,29,0,0,0,0,0,0,0,0,0,0,0,0,0,0,0,0,0,0,23,0,0,0,0,0,145,116,29
245102717001,520,272,117,70,20,8,0,0,0,13,8,28,0,8,0,0,0,0,272,0,24,19,45,35,56,28,8,41,8,0,0,0,0,0,8,0,0,0,0,0,0,0,0,272,0,272
245102717003,1024,310,18,10,0,8,11,9,18,5,38,34,62,23,34,31,0,9,100,0,0,0,0,0,0,0,0,0,0,0,0,0,0,0,9,0,61,12,18,0,0,0,0,310,210,100
245102717004,1305,484,49,31,78,49,0,16,9,24,10,40,26,132,0,11,9,0,177,0,0,0,0,0,0,0,0,0,0,0,0,0,0,6,0,25,73,47,26,0,0,0,0,484,307,177
245102802004,701,281,40,0,21,0,24,27,18,0,6,0,22,67,14,0,13,29,87,0,0,0,0,0,0,0,0,0,0,0,0,0,22,0,24,0,0,28,0,0,0,0,0,281,194,87
245102802001,1137,349,6,0,0,0,9,0,10,0,7,54,54,68,36,41,42,22,44,0,0,0,0,0,0,0,0,0,0,0,0,0,0,0,0,10,0,0,22,0,12,0,0,349,305,44
245102802002,806,241,73,36,0,0,16,0,27,0,14,0,0,53,12,10,0,0,14,0,0,0,0,0,0,0,0,0,0,0,0,0,0,0,0,0,14,0,0,0,0,0,0,241,227,14
245102802005,823,252,12,0,0,0,0,0,8,59,18,0,16,76,15,13,35,0,20,0,0,0,0,0,0,0,7,0,0,0,0,0,0,0,0,7,0,6,0,0,0,0,0,252,232,20
245101902002,1077,324,32,29,65,19,0,23,19,24,32,22,11,24,0,12,12,0,238,0,0,3,0,13,0,19,0,0,8,0,19,5,21,0,0,32,59,37,10,12,0,0,0,324,86,238
245101902001,809,374,26,40,66,13,39,3,0,0,0,38,63,31,5,22,9,19,260,8,0,12,18,0,6,0,0,0,5,0,0,22,23,45,22,26,16,12,7,18,10,0,0,374,114,260
245102201003,200,120,6,0,0,0,0,10,0,0,0,0,0,15,13,14,13,49,14,0,0,0,0,0,0,0,0,0,0,0,0,0,0,0,0,0,0,0,14,0,0,0,0,120,106,14
245102201001,1128,521,27,24,23,24,43,0,0,45,39,26,27,42,25,62,80,34,389,0,0,0,0,0,0,0,0,0,0,0,0,0,0,0,11,0,39,95,117,100,27,0,0,521,132,389
245102303001,290,164,10,0,0,0,0,0,6,0,0,17,20,12,46,15,21,17,159,0,0,0,0,0,0,0,0,0,0,0,0,0,0,0,0,0,0,14,91,46,3,5,0,164,5,159
245102303002,1141,566,0,18,6,24,0,9,14,9,0,27,38,107,98,71,85,60,240,0,0,0,0,0,0,0,0,0,0,0,0,0,0,0,0,0,15,21,110,46,31,3,3,566,326,240
245102502072,1258,362,59,6,35,34,35,12,7,15,28,29,22,17,30,19,14,0,220,0,0,0,0,0,0,6,0,0,0,0,0,0,0,0,38,46,83,47,0,0,0,0,0,362,142,220
245102503033,508,311,85,31,0,22,16,0,0,31,32,31,0,14,21,21,0,7,192,0,18,6,3,19,0,19,0,0,0,0,0,0,0,0,20,38,46,11,5,0,0,0,0,311,119,192
245102503031,667,229,26,0,29,18,11,5,28,0,3,73,24,3,9,0,0,0,82,0,0,0,0,0,0,0,0,10,17,0,0,0,0,0,3,17,14,16,0,0,0,0,0,229,147,82
245102602024,1522,585,55,26,0,39,38,139,43,22,41,21,57,81,23,0,0,0,251,0,0,35,0,8,0,0,0,0,0,0,41,0,0,31,0,0,36,37,63,0,0,0,0,585,334,251
245102602022,2189,1036,66,107,18,46,112,129,127,64,58,112,33,107,57,0,0,0,1036,0,0,0,0,0,0,0,0,0,0,0,213,31,0,204,198,155,123,76,16,0,0,0,0,1036,0,1036
245102603026,1663,549,134,45,97,74,32,0,0,0,66,60,0,29,12,0,0,0,400,0,0,0,0,0,0,0,0,45,0,97,73,0,0,0,17,52,66,0,50,0,0,0,0,549,149,400
245102603022,958,323,16,28,0,50,0,58,0,40,30,33,39,29,0,0,0,0,108,0,0,0,0,0,0,0,0,0,0,0,0,0,0,0,0,0,16,50,42,0,0,0,0,323,215,108
245102603021,1138,387,73,22,38,24,0,15,19,0,0,48,73,75,0,0,0,0,92,0,0,0,0,0,0,0,0,0,0,0,0,0,0,0,0,0,92,0,0,0,0,0,0,387,295,92
245102607001,1626,536,23,10,56,42,15,21,31,37,6,26,16,70,30,82,48,23,160,0,0,0,0,0,0,0,0,0,0,0,0,0,31,8,7,0,0,0,80,3,21,0,0,536,376,160
245102607002,1258,384,36,21,15,14,32,7,9,5,6,53,25,85,12,20,14,30,173,0,0,0,0,0,0,0,0,0,0,8,0,0,0,0,0,0,13,79,62,2,2,0,0,384,211,173
245101303002,652,168,8,14,0,0,13,8,17,19,17,9,7,26,0,17,13,0,97,0,0,0,0,0,0,0,0,0,0,0,0,0,6,14,0,15,24,9,29,0,0,0,0,168,71,97
245101303001,797,268,41,0,29,0,4,0,11,22,0,26,9,74,0,0,33,19,111,0,9,12,5,0,0,0,0,0,0,0,0,0,0,0,24,18,14,8,11,5,0,0,0,268,157,111
245101308031,522,300,50,11,0,10,30,15,0,0,50,35,22,47,0,9,16,5,163,0,0,0,0,0,0,0,0,0,0,0,0,0,0,0,0,0,65,80,18,0,0,0,0,300,137,163
245101308032,1044,482,16,0,30,57,0,58,55,6,29,50,43,45,45,15,22,11,229,0,0,0,0,0,0,0,0,0,0,0,0,0,11,0,0,0,179,14,25,0,0,0,0,482,253,229
245101401001,1053,490,72,19,18,49,35,8,0,0,15,65,29,55,20,0,90,15,355,0,0,0,0,0,0,49,0,0,0,0,0,0,0,0,17,37,104,48,82,18,0,0,0,490,135,355
245101401002,971,421,98,65,0,0,38,0,7,19,17,13,29,80,14,19,14,8,352,0,0,0,45,0,34,21,21,0,0,0,0,0,0,0,48,10,112,44,9,8,0,0,0,421,69,352
245102704024,1709,486,42,0,0,0,0,16,18,17,5,42,22,131,124,59,10,0,108,0,0,0,0,0,0,0,0,0,0,0,0,0,0,18,0,14,0,26,50,0,0,0,0,486,378,108
245102704023,629,201,18,9,10,11,7,0,10,8,0,0,26,7,79,2,5,9,39,0,0,0,0,9,0,0,0,0,0,0,0,0,0,10,0,0,9,0,11,0,0,0,0,201,162,39
245102504022,605,200,126,32,9,1,12,0,0,0,0,9,0,11,0,0,0,0,191,0,11,0,0,21,45,0,11,0,28,0,0,12,0,0,41,0,9,1,0,0,0,0,0,200,9,191
245102504024,1947,503,20,41,11,0,82,24,0,25,0,54,47,87,29,21,0,62,253,0,0,0,0,0,0,0,0,0,0,0,24,0,29,72,0,30,46,20,25,0,0,0,0,503,250,253
245102504021,902,354,12,0,36,11,0,8,66,0,13,12,27,161,0,8,0,0,230,0,0,0,0,0,0,0,0,0,0,0,0,0,0,51,37,0,62,72,8,0,0,0,0,354,124,230
245102504023,997,479,56,0,0,15,77,27,11,25,20,72,40,63,49,17,7,0,255,0,0,0,0,0,0,0,0,0,0,11,31,0,21,20,27,33,45,15,52,0,0,0,0,479,224,255
245102605011,2826,1019,37,89,65,43,35,51,93,4,9,108,101,198,91,37,35,23,531,0,0,0,0,22,54,0,8,18,0,0,11,0,0,0,77,43,134,57,93,0,0,12,0,1019,488,531
245102605012,1460,443,43,37,18,7,7,8,45,36,0,53,35,77,39,30,8,0,154,0,0,0,0,0,0,0,0,13,0,9,0,0,16,0,9,0,18,72,17,0,0,0,0,443,289,154
245102605013,1223,389,22,8,18,7,18,48,17,13,17,42,31,121,0,16,11,0,128,0,0,0,0,0,0,0,0,0,0,0,0,0,8,0,34,0,5,0,49,14,0,0,0,389,261,128
245102611002,1042,516,14,15,17,9,9,6,6,4,6,10,42,49,66,66,119,78,105,0,0,0,0,0,0,0,0,0,0,0,0,17,0,0,0,0,14,3,29,24,5,0,8,516,411,105
245102611001,750,328,0,9,0,0,0,5,10,20,0,42,8,42,36,54,63,39,102,0,0,0,0,0,0,0,0,0,0,0,0,0,0,0,0,0,28,4,55,0,5,5,5,328,226,102
245102705022,1330,580,36,29,39,29,18,0,25,41,27,19,93,63,69,0,55,37,151,0,0,0,0,0,0,0,0,0,0,0,0,9,9,0,5,60,68,0,0,0,0,0,0,580,429,151
245102705024,1308,458,40,17,32,0,21,0,34,0,41,15,40,72,61,26,14,45,149,0,0,0,0,0,0,0,0,0,0,0,0,9,0,0,45,67,7,0,0,21,0,0,0,458,309,149
245102705023,889,370,21,24,16,11,0,0,13,13,14,0,25,68,44,42,61,18,31,0,0,0,0,0,0,0,0,0,0,0,0,0,0,0,0,0,0,12,11,8,0,0,0,370,339,31
245102707033,672,314,8,12,6,0,34,26,5,66,18,25,33,20,18,26,0,17,122,0,0,0,0,0,12,0,0,0,0,0,0,0,0,8,0,35,46,0,21,0,0,0,0,314,192,122
245102701022,1344,266,34,0,0,0,0,7,0,7,0,65,44,53,13,12,15,16,81,0,0,0,0,0,0,12,0,0,0,0,0,0,0,0,35,0,0,0,34,0,0,0,0,266,185,81
245102701024,986,384,9,14,17,0,21,24,23,19,10,70,48,21,56,2,20,30,31,0,0,0,0,0,0,0,0,0,0,0,0,0,0,0,0,15,7,0,0,0,0,0,0,384,353,31
245102701023,646,243,7,14,0,0,9,21,20,0,0,25,34,72,8,5,28,0,70,0,0,0,14,0,0,0,0,0,0,0,0,0,0,0,0,0,9,0,29,0,0,0,0,243,173,70
245102701021,729,330,8,19,10,40,39,0,8,0,0,4,45,46,31,80,0,0,29,0,0,0,0,0,0,0,0,0,0,0,0,0,0,0,0,0,17,0,0,0,0,0,0,330,301,29
245102705013,1022,469,47,6,13,6,0,13,15,44,49,64,68,91,23,10,20,0,94,0,0,0,0,0,0,0,0,0,0,0,0,0,0,0,0,0,20,0,47,0,0,0,0,469,375,94
245102705014,1724,624,9,19,10,9,28,28,0,22,69,66,33,81,116,53,48,33,127,0,0,0,0,0,0,0,0,0,0,0,0,0,37,60,0,0,17,0,13,0,0,0,0,624,497,127
245102705011,598,257,14,0,0,0,16,0,0,0,9,87,9,70,0,0,31,21,16,0,0,0,0,0,0,0,0,0,0,0,0,0,0,0,0,0,16,0,0,0,0,0,0,257,241,16
245102705012,786,293,29,17,0,10,39,9,0,25,11,12,13,41,24,17,30,16,24,0,0,0,12,0,0,0,0,0,0,0,0,0,0,0,0,0,0,12,0,0,0,0,0,293,269,24
245102708011,715,334,32,47,8,0,7,27,30,19,25,49,17,26,42,5,0,0,149,0,0,0,0,0,0,0,0,0,0,0,0,0,0,0,0,34,9,27,79,0,0,0,0,334,185,149
245102708013,1296,381,27,23,25,10,10,0,16,0,16,77,35,66,16,28,0,32,76,0,0,0,7,0,0,0,0,0,0,0,0,0,0,0,13,35,0,0,15,0,0,0,0,381,305,76
245102708014,1196,426,15,11,17,34,0,40,0,22,13,43,23,134,16,32,0,26,112,0,0,0,9,0,0,0,0,0,0,8,0,0,0,0,0,0,34,16,19,26,0,0,0,426,314,112
245102708012,976,419,15,9,0,0,25,34,14,42,51,107,48,30,35,9,0,0,102,0,0,0,0,0,0,0,0,0,0,0,31,0,0,0,0,39,23,0,9,0,0,0,0,419,317,102
245102717006,595,187,75,0,23,0,0,0,0,0,0,9,19,37,16,8,0,0,101,25,0,0,0,0,0,0,0,0,0,0,0,0,0,0,0,30,37,9,0,0,0,0,0,187,86,101
245102720071,2439,792,67,23,83,57,48,29,87,23,0,85,19,106,9,43,44,69,469,0,0,0,12,0,0,0,0,0,0,0,0,12,10,23,86,6,152,96,72,0,0,0,0,792,323,469
245102720073,1370,649,20,8,48,30,42,77,65,75,0,63,84,80,21,36,0,0,575,0,0,0,0,0,0,0,0,0,0,0,0,0,28,9,12,20,196,303,7,0,0,0,0,649,74,575
245102720072,826,334,40,39,59,49,21,8,0,8,11,24,40,7,12,7,9,0,179,0,0,0,12,0,0,0,0,0,0,0,9,0,0,0,13,62,75,8,0,0,0,0,0,334,155,179
245102720053,1130,540,38,27,0,6,35,27,51,24,20,35,73,21,63,43,47,30,340,0,0,0,0,0,0,0,0,0,0,0,0,0,0,0,13,23,159,136,9,0,0,0,0,540,200,340
245102720051,1708,548,43,0,31,51,36,32,34,20,20,37,46,54,15,0,41,88,179,8,0,0,0,0,0,0,0,0,0,0,0,8,0,0,0,0,45,37,73,8,0,0,0,548,369,179
245102720052,557,164,10,0,24,18,0,0,0,0,7,8,12,33,0,0,16,36,33,0,0,0,0,0,0,0,0,8,0,0,0,0,0,0,0,0,0,0,25,0,0,0,0,164,131,33
245101302004,821,333,58,0,30,0,14,32,28,0,25,69,27,14,5,19,0,12,294,0,0,0,0,21,9,28,0,0,9,0,0,28,25,40,14,19,49,21,26,5,0,0,0,333,39,294
245101308061,1437,544,23,0,10,29,27,8,0,14,12,76,27,86,60,40,69,63,188,0,4,0,10,0,0,0,0,0,0,0,4,0,0,0,9,19,6,18,57,42,9,4,0,544,356,188
245102002004,620,134,26,0,8,51,0,0,0,0,21,0,15,0,0,0,0,13,102,0,0,0,0,0,0,0,0,0,0,0,0,8,0,0,0,7,13,14,51,0,0,0,0,134,32,102
245102006001,640,258,32,0,8,69,9,26,25,7,0,34,9,0,10,9,20,0,131,0,0,21,0,0,0,0,8,0,0,0,0,0,0,0,7,10,31,20,0,7,0,0,0,258,127,131
245102006002,650,223,18,0,46,0,0,72,7,0,0,31,8,19,22,0,0,0,122,0,0,0,0,0,0,0,0,0,0,0,24,0,0,0,0,7,0,49,23,0,0,0,0,223,101,122
245102007014,1201,395,10,0,61,17,34,39,0,0,17,0,83,99,0,27,0,8,187,0,0,0,0,25,0,0,0,0,0,0,9,0,0,0,8,21,27,37,60,0,0,0,0,395,208,187
245102007013,854,354,27,37,48,0,0,20,57,26,52,42,0,45,0,0,0,0,148,0,20,20,0,0,0,0,0,0,0,0,26,0,0,0,11,10,16,45,0,0,0,0,0,354,206,148
245102007011,1112,339,20,6,60,14,15,55,8,11,0,54,27,35,0,0,34,0,170,0,0,0,15,0,0,9,0,0,0,0,53,0,8,0,11,0,6,10,58,0,0,0,0,339,169,170
245102717005,768,227,0,21,6,0,38,8,6,6,19,52,14,0,0,0,41,16,131,0,0,0,0,0,0,0,0,0,0,0,0,0,0,32,9,15,12,9,54,0,0,0,0,227,96,131
245102801026,474,270,47,55,0,0,0,0,45,26,0,13,50,0,0,34,0,0,155,0,0,0,16,0,0,15,0,19,0,13,42,0,0,0,0,0,50,0,0,0,0,0,0,270,115,155
245102803013,1954,1170,285,96,55,76,98,111,53,55,23,16,122,82,76,13,0,9,1068,0,23,0,98,59,48,51,35,10,0,43,0,36,0,0,94,119,340,104,8,0,0,0,0,1170,102,1068
245101608012,543,255,44,0,24,14,42,20,0,0,8,74,0,0,29,0,0,0,23,0,0,0,0,0,0,0,0,0,0,0,0,8,15,0,0,0,0,0,0,0,0,0,0,255,232,23
245101608013,444,168,0,11,0,0,15,5,7,0,0,26,48,44,0,12,0,0,18,0,0,0,0,0,0,0,0,0,0,0,0,0,0,0,0,0,0,18,0,0,0,0,0,168,150,18
245101608014,766,232,11,0,45,13,0,5,4,0,10,19,0,44,15,66,0,0,25,0,0,0,0,0,0,0,0,0,0,15,0,0,0,0,0,10,0,0,0,0,0,0,0,232,207,25
245101608011,1187,532,39,0,54,43,95,76,10,58,30,26,28,53,0,0,7,13,339,0,0,0,0,0,0,0,0,0,0,0,0,0,23,28,21,97,150,20,0,0,0,0,0,532,193,339
245101608021,880,316,28,32,6,41,21,31,25,12,6,43,21,18,6,13,13,0,120,0,0,0,0,0,0,0,15,0,17,0,0,0,0,0,8,18,10,52,0,0,0,0,0,316,196,120
245101608022,1269,304,7,11,22,0,20,26,6,53,0,17,29,68,30,7,3,5,126,0,0,0,0,0,0,0,0,5,0,0,0,7,0,0,4,0,6,50,48,6,0,0,0,304,178,126
245101608023,1265,429,16,16,22,11,36,26,59,19,49,28,53,36,5,42,8,3,125,0,0,0,0,0,0,0,0,0,0,0,0,0,0,0,0,0,30,54,22,0,0,0,0,429,304,125
245100603001,847,263,7,27,27,14,22,0,20,15,10,15,16,31,45,4,10,0,137,0,0,0,0,0,0,5,14,0,0,0,0,0,14,0,3,10,22,7,62,0,0,0,0,263,126,137
245100603002,1018,487,23,12,19,7,35,13,7,10,13,55,36,48,80,37,38,54,227,0,0,0,4,0,5,0,0,0,0,0,0,0,2,0,5,19,14,76,37,57,1,7,0,487,260,227
245100801011,830,295,0,0,9,10,0,13,16,7,0,15,15,17,38,37,60,58,20,0,0,0,0,0,0,0,0,0,0,0,0,0,0,0,0,0,0,0,20,0,0,0,0,295,275,20
245100801012,979,308,24,9,0,0,20,20,10,9,25,0,29,20,60,23,32,27,87,0,0,0,0,0,0,0,0,0,0,0,0,0,0,0,0,0,9,10,60,8,0,0,0,308,221,87
245100801014,617,260,29,20,0,0,0,28,6,0,13,19,60,13,15,57,0,0,108,0,0,0,0,0,0,0,0,0,0,0,0,9,0,0,0,29,47,0,23,0,0,0,0,260,152,108
245100801013,1550,426,19,34,63,11,11,12,32,24,28,52,24,66,37,4,0,9,240,0,0,0,0,0,0,0,0,43,0,0,0,49,0,0,39,0,28,16,65,0,0,0,0,426,186,240
245100803023,633,252,9,62,10,12,0,14,9,13,12,32,56,13,0,0,0,10,107,0,0,0,0,0,0,0,0,0,0,0,0,0,0,0,10,13,32,12,27,0,0,0,0,252,145,107
245100803022,507,187,41,10,27,8,23,10,12,10,0,11,0,22,13,0,0,0,37,0,0,0,0,0,0,0,0,0,0,0,0,0,0,0,0,0,11,0,14,0,0,0,0,187,150,37
245100803024,1034,467,108,9,32,20,41,32,9,27,30,44,12,26,26,12,39,0,166,0,0,0,33,0,68,0,0,0,0,0,0,18,0,13,0,0,0,17,17,0,0,0,0,467,301,166
245100805001,564,189,46,30,20,5,13,0,28,0,0,6,16,11,5,0,9,0,100,0,0,9,0,0,0,0,0,0,0,0,0,0,0,0,0,8,43,16,24,0,0,0,0,189,89,100
245100805003,626,210,19,0,18,57,30,9,0,10,27,0,26,14,0,0,0,0,111,0,0,0,0,0,0,0,0,0,0,7,0,0,7,0,27,0,51,0,0,0,0,0,0,210,99,111
245100102004,406,217,0,0,0,0,0,0,0,0,21,54,0,17,63,33,29,0,46,0,0,0,0,0,0,0,0,0,0,0,0,0,0,0,0,0,0,9,8,29,0,0,0,217,171,46
245100604002,850,513,88,39,39,36,5,7,5,4,17,30,79,30,55,17,34,28,410,0,0,22,13,36,36,31,0,5,3,5,8,0,3,4,13,0,21,8,160,32,5,5,0,513,103,410
245100903002,1096,624,116,154,31,34,30,42,35,11,0,11,0,9,104,47,0,0,456,0,0,34,29,62,31,11,0,50,0,11,34,0,40,12,29,31,24,0,24,34,0,0,0,624,168,456
245100903004,2281,750,150,18,73,28,5,37,57,45,0,49,41,184,31,14,9,9,393,0,0,0,0,0,0,0,0,0,0,62,0,5,0,9,10,10,25,200,65,7,0,0,0,750,357,393
245100903001,429,200,24,0,0,24,0,0,0,0,0,30,32,51,10,2,12,15,60,0,0,0,0,0,0,0,0,0,0,0,0,0,0,0,0,0,22,36,2,0,0,0,0,200,140,60
245101204001,839,286,41,10,9,13,13,25,40,5,16,28,41,28,6,0,11,0,178,0,0,0,0,0,0,6,0,18,0,7,0,0,0,0,0,26,65,13,6,15,11,0,0,286,108,178
245101204002,904,381,86,42,5,28,31,0,12,7,25,22,41,40,15,0,20,7,299,0,0,0,6,0,14,46,6,24,9,0,0,6,12,5,12,31,24,32,38,0,0,0,13,381,82,299
245101306001,1082,499,10,0,9,0,0,21,42,13,0,58,20,59,81,58,40,88,170,0,0,0,0,0,0,0,0,0,0,0,0,0,0,0,9,0,14,36,104,7,0,0,0,499,329,170
245101306004,1040,417,9,6,6,0,10,15,0,17,22,67,35,58,59,39,67,7,172,0,0,0,0,0,0,0,0,0,0,0,0,0,0,15,0,9,0,77,56,15,0,0,0,417,245,172
245101308042,948,440,23,0,5,12,22,49,4,1,34,21,58,65,36,57,36,17,222,0,0,0,0,0,0,0,0,19,0,0,0,0,20,6,26,4,16,55,48,14,0,0,0,440,218,222
245101308041,1034,467,20,34,21,31,16,26,22,6,5,55,33,90,48,18,21,21,212,0,0,8,14,16,7,4,0,0,0,0,0,6,10,0,0,20,39,30,48,0,0,0,0,467,255,212
245101602002,598,210,73,56,6,24,21,5,0,0,0,13,0,0,0,0,12,0,191,0,20,27,20,19,34,0,11,21,0,0,0,0,6,28,0,0,0,0,0,0,0,0,0,210,19,191
245101604003,565,151,11,5,0,28,0,19,0,17,0,24,11,8,28,0,0,0,78,0,0,0,0,0,0,0,0,0,0,0,0,0,0,9,0,0,28,24,17,0,0,0,0,151,73,78
245101604004,826,224,11,5,51,33,29,16,0,0,0,15,21,43,0,0,0,0,151,5,0,0,0,0,0,0,0,0,0,0,0,0,0,12,0,0,78,50,0,0,0,0,0,224,73,151
245101607006,419,147,7,26,0,0,0,11,10,12,0,5,0,40,0,27,9,0,50,0,0,0,0,0,0,0,0,0,0,0,0,0,0,0,0,7,0,22,21,0,0,0,0,147,97,50
245101202012,928,359,22,16,5,3,14,6,9,21,5,30,18,53,28,21,53,55,153,0,0,0,0,0,0,0,0,0,0,0,0,6,3,3,0,10,30,45,40,13,0,3,0,359,206,153
245101403004,608,253,15,15,13,24,19,15,0,22,56,0,33,35,6,0,0,0,172,0,0,0,8,0,0,0,0,0,0,0,0,0,0,6,0,27,32,61,38,0,0,0,0,253,81,172
245101308051,943,568,128,24,44,41,4,25,20,0,21,18,31,129,32,37,9,5,309,0,0,9,66,21,29,0,0,24,10,0,0,10,0,6,10,43,32,0,12,0,0,0,0,568,259,309
245101701002,619,271,22,43,18,20,40,40,9,7,0,0,31,35,0,0,6,0,221,0,20,0,0,0,0,21,13,0,0,24,14,0,6,0,16,6,26,48,20,0,0,0,0,271,50,221
245101701001,1015,655,139,72,60,6,27,43,6,68,17,39,36,48,71,16,0,7,587,0,7,6,61,52,8,16,6,6,6,6,0,0,0,17,20,26,197,76,53,24,0,0,0,655,68,587
245101802002,550,255,106,13,6,10,5,0,5,5,18,4,23,15,23,6,16,0,172,34,6,13,62,6,6,0,0,0,0,0,0,0,0,0,5,14,5,0,21,0,0,0,0,255,83,172
245101802001,398,110,14,30,12,0,17,6,0,0,0,6,6,0,13,6,0,0,97,0,0,0,0,0,0,10,0,0,10,0,0,0,12,0,6,18,37,4,0,0,0,0,0,110,13,97
245101903002,637,310,88,44,37,15,0,5,30,0,3,4,32,48,0,4,0,0,257,0,0,0,35,38,35,19,0,9,0,12,0,0,18,5,4,37,18,0,17,0,0,0,0,310,53,257
245101903003,539,127,16,13,0,12,5,0,0,0,0,18,45,18,0,0,0,0,116,0,0,0,0,0,0,0,13,0,0,0,0,0,0,5,14,18,25,0,32,0,0,0,0,127,11,116
245101903001,431,132,24,20,15,3,16,6,13,9,4,0,8,0,5,3,6,0,92,0,0,0,0,5,0,24,0,0,8,0,0,0,0,12,6,0,9,0,13,0,0,0,0,132,40,92
245101903004,895,249,66,49,11,22,11,24,4,0,0,17,20,12,13,0,0,0,150,0,0,0,0,0,0,0,0,0,0,0,0,0,0,16,10,16,84,20,4,0,0,0,0,249,99,150
245102501021,1077,406,0,13,20,32,16,24,26,70,6,75,32,33,9,0,50,0,247,0,0,0,0,0,0,0,0,0,0,0,0,16,0,8,51,27,101,44,0,0,0,0,0,406,159,247
245102501022,2159,825,73,27,62,30,74,35,130,50,28,92,45,80,78,17,0,4,465,0,0,0,0,0,0,8,0,0,0,0,0,0,0,12,25,54,236,34,96,0,0,0,0,825,360,465
245102503011,897,245,22,7,19,0,0,23,5,15,0,0,39,92,19,4,0,0,147,0,0,0,0,0,0,16,0,0,0,0,0,0,0,0,12,0,31,68,17,0,0,0,0,245,98,147
245102503012,1458,573,171,65,67,84,0,24,12,21,6,38,54,17,14,0,0,0,417,12,0,32,114,56,19,15,38,41,10,0,0,0,0,8,0,0,15,41,16,0,0,0,0,573,156,417
245102504012,725,243,33,0,23,7,0,0,11,6,38,19,18,53,0,0,26,9,126,0,0,0,0,0,0,0,0,0,0,0,7,0,0,0,34,33,28,0,24,0,0,0,0,243,117,126
245102504013,1251,314,17,24,0,0,28,21,0,0,40,31,18,53,33,0,17,32,206,0,0,0,0,0,0,0,0,0,0,0,0,0,49,0,24,17,53,31,32,0,0,0,0,314,108,206
245102504011,1629,600,95,92,43,50,43,10,90,25,16,75,8,20,23,0,0,10,370,0,0,0,0,0,0,21,30,0,0,0,0,0,6,25,64,76,13,50,67,18,0,0,0,600,230,370
245100807002,336,157,26,21,5,5,29,17,13,15,0,0,12,14,0,0,0,0,98,0,0,0,0,0,0,0,0,0,0,27,13,0,0,9,0,0,38,11,0,0,0,0,0,157,59,98
245102101002,1715,648,69,34,21,69,20,5,26,47,1,19,50,86,55,72,57,17,363,0,0,0,18,0,5,0,0,0,0,0,0,0,5,0,33,23,12,141,85,19,19,3,0,648,285,363
245102707011,2468,1139,191,93,81,67,63,41,51,76,68,50,120,114,22,0,33,69,1139,0,0,4,0,40,0,33,5,40,0,0,37,0,0,25,136,83,627,75,0,0,0,0,0,1139,0,1139
245101606004,542,297,63,62,29,38,0,19,0,36,0,0,0,35,0,0,15,0,229,0,0,0,83,42,31,8,0,0,22,19,0,0,0,0,0,0,0,24,0,0,0,0,0,297,68,229
245101606002,876,260,37,0,0,22,50,4,12,8,0,16,22,32,30,12,10,5,155,0,0,0,0,8,0,0,0,0,0,0,0,28,0,23,8,44,22,0,10,0,0,0,0,260,105,155
245102401002,777,421,32,9,23,0,12,11,7,16,16,28,17,21,67,40,0,122,145,0,0,0,0,0,0,0,0,0,0,0,0,0,0,10,0,4,0,18,46,7,19,29,0,421,276,145
245102606054,557,232,12,29,15,13,9,34,16,8,0,0,9,50,0,0,37,0,66,0,0,0,0,12,0,0,0,0,0,0,0,0,0,0,0,0,26,0,28,0,0,0,0,232,166,66
245102606053,1092,462,13,15,33,43,48,23,25,11,55,24,57,29,75,0,0,11,380,0,0,0,0,0,0,0,0,0,28,0,0,0,0,15,75,91,123,33,0,0,0,0,0,462,82,380
245102606055,141,107,12,32,12,0,9,0,0,33,0,0,0,0,9,0,0,0,89,0,0,0,0,10,0,0,0,0,0,0,0,0,0,0,23,0,23,0,33,0,0,0,0,107,18,89
245101702002,685,220,69,13,28,27,8,0,0,28,0,0,31,16,0,0,0,0,188,0,8,0,0,0,0,0,0,0,14,19,0,0,0,0,26,0,41,39,29,0,0,0,0,220,32,188
245101801002,956,479,212,59,85,46,38,26,6,0,0,7,0,0,0,0,0,0,464,14,17,39,59,67,32,8,8,38,20,53,15,13,0,5,8,7,41,13,0,0,0,0,0,479,15,464
245101803002,972,430,74,51,8,24,21,12,16,0,0,58,28,84,12,19,7,16,243,5,0,0,0,0,10,5,0,6,0,0,16,20,5,0,5,12,83,31,28,17,0,0,0,430,187,243
245102001001,710,177,42,6,18,0,32,0,6,0,8,0,27,33,5,0,0,0,101,0,0,0,0,0,14,0,0,0,0,0,0,12,0,0,0,6,39,0,24,6,0,0,0,177,76,101
245101603002,528,223,48,73,53,0,5,4,3,0,16,15,6,0,0,0,0,0,211,0,0,0,0,0,0,0,0,0,0,0,20,7,71,20,9,31,15,0,25,0,0,0,0,223,12,211
245100701001,1240,354,73,23,40,10,0,0,12,58,21,23,20,42,12,0,13,7,223,0,14,0,0,6,0,0,0,0,16,0,0,0,0,7,18,0,70,76,16,0,0,0,0,354,131,223
245100701002,1325,395,43,46,56,6,31,28,10,34,0,46,47,32,0,0,16,0,221,0,0,0,6,0,0,0,19,0,0,27,0,5,15,14,0,4,56,33,42,0,0,0,0,395,174,221
245100602001,441,131,24,0,10,0,0,7,0,11,0,49,10,0,9,0,11,0,121,0,0,0,0,0,0,0,0,0,0,0,0,0,0,0,49,0,10,35,16,0,0,11,0,131,10,121
245102714001,887,266,0,0,8,17,9,0,0,0,19,14,18,44,11,9,11,106,51,0,0,0,0,0,0,0,0,0,0,0,0,0,0,0,0,10,8,7,9,0,0,0,0,266,215,51
245102716002,518,244,0,58,0,14,76,44,0,0,8,0,10,34,0,0,0,0,209,0,0,0,0,0,0,0,0,0,0,0,0,0,0,0,68,104,37,0,0,0,0,0,0,244,35,209
245102716003,951,310,148,0,0,9,0,10,0,20,0,20,32,71,0,0,0,0,241,0,0,0,0,0,0,0,0,0,0,0,0,0,0,32,61,0,18,34,0,0,0,0,0,310,69,241
245102716001,730,272,88,19,24,35,0,8,14,0,8,19,0,45,12,0,0,0,183,0,33,0,0,41,0,0,0,0,0,0,0,0,0,0,7,64,30,8,0,0,0,0,0,272,89,183
245101506004,479,219,93,12,0,38,24,0,0,0,0,0,0,52,0,0,0,0,194,0,0,10,0,0,32,25,0,0,0,0,0,11,0,0,10,23,83,0,0,0,0,0,0,219,25,194
245101506003,297,108,55,0,11,0,0,0,9,0,22,0,0,0,0,0,0,11,68,0,0,0,0,0,0,0,23,0,0,0,0,0,0,0,0,0,22,23,0,0,0,0,0,108,40,68
245101506001,897,267,11,54,21,0,5,0,14,25,0,54,7,58,18,0,0,0,192,0,0,0,0,0,11,19,0,0,0,0,0,0,0,0,25,7,31,40,14,0,0,0,0,267,75,192
245101605003,560,242,66,47,24,8,33,13,9,0,5,0,9,10,6,12,0,0,117,0,0,0,0,0,0,19,0,0,0,0,39,13,0,0,0,30,16,0,0,0,0,0,0,242,125,117
245101605004,867,308,31,35,24,7,0,42,11,11,25,0,56,38,0,0,28,0,54,0,0,0,0,0,0,0,0,0,0,0,0,0,10,0,0,0,0,25,19,0,0,0,0,308,254,54
245101605001,1379,430,35,27,0,26,46,33,16,61,28,35,14,85,17,0,2,5,274,0,0,35,17,0,0,0,0,0,0,0,0,0,0,23,42,51,95,0,0,11,0,0,0,430,156,274
245101605005,630,314,16,0,25,10,7,48,49,67,10,29,8,19,26,0,0,0,102,0,0,0,0,0,0,0,0,0,0,0,0,0,0,0,19,16,23,15,0,0,0,0,0,314,212,102
245101605002,903,184,0,10,19,45,26,25,9,0,0,31,0,19,0,0,0,0,93,0,0,0,0,0,0,0,0,0,0,0,0,0,0,0,0,0,77,0,16,0,0,0,0,184,91,93
245101510001,508,197,40,32,10,0,48,0,0,0,0,0,21,21,0,0,0,25,110,0,0,0,0,0,0,0,0,0,0,0,0,0,0,0,0,48,40,0,0,0,0,0,0,197,87,110
245101510003,512,161,27,42,12,0,15,0,6,10,14,0,10,0,0,0,20,5,116,0,0,0,0,0,0,0,0,32,0,0,0,0,27,0,27,14,0,6,0,0,0,0,0,161,45,116
245101510004,468,162,10,0,0,0,0,0,29,57,0,10,11,11,13,9,12,0,58,0,0,0,0,0,0,0,0,0,0,0,0,0,0,0,0,0,29,0,0,0,0,0,0,162,104,58
245102708033,2221,831,13,139,25,46,84,15,9,79,27,69,92,113,37,31,18,34,336,0,0,0,46,0,35,52,10,0,0,0,0,0,0,0,17,61,32,23,26,0,34,0,0,831,495,336
245102708031,2784,967,51,23,27,4,5,95,10,35,104,170,139,62,106,71,0,65,491,0,0,0,0,0,0,0,0,0,0,0,0,0,0,0,23,139,177,15,137,0,0,0,0,967,476,491
245102709013,1666,801,38,21,30,133,43,38,16,58,0,196,14,126,28,41,9,10,534,0,0,15,0,0,0,0,0,0,0,0,0,0,0,0,111,94,223,26,43,0,0,0,0,801,267,534
245102709011,1353,464,13,0,83,32,19,37,61,0,0,40,36,95,36,0,0,12,251,0,0,0,0,0,0,0,0,0,0,0,0,0,12,0,28,78,121,12,0,0,0,0,0,464,213,251
245102714002,1376,546,0,0,8,0,16,0,9,15,9,47,6,59,70,44,59,204,128,0,0,0,0,0,0,0,0,0,0,0,0,0,0,0,21,0,55,26,17,0,0,0,0,546,418,128
245102716005,461,236,86,46,0,12,27,10,0,0,9,16,0,0,2,0,18,10,116,0,0,0,0,0,0,0,0,0,0,0,0,0,0,0,0,86,30,0,0,0,0,0,0,236,120,116
245102803022,1176,451,27,28,20,31,11,0,24,73,38,29,43,27,21,23,42,14,240,0,0,0,0,0,0,0,0,0,0,0,0,5,13,0,31,41,129,10,0,11,0,0,0,451,211,240
245102007022,807,268,10,12,13,23,21,11,0,58,36,22,28,31,3,0,0,0,70,0,0,0,7,0,0,0,0,0,0,0,0,0,0,0,0,15,11,37,0,0,0,0,0,268,198,70
245102301001,1022,473,11,31,5,34,11,0,9,7,0,16,60,56,74,4,66,89,210,0,0,0,0,0,0,0,0,0,0,0,0,0,0,0,6,0,17,13,102,42,20,8,2,473,263,210
245102502052,1443,441,54,8,28,45,47,22,20,57,8,32,61,47,0,0,12,0,249,0,0,0,0,0,0,0,0,28,0,0,13,0,0,11,0,0,18,98,72,0,0,0,0,441,192,249
245102502051,31,16,16,0,0,0,0,0,0,0,0,0,0,0,0,0,0,0,0,0,0,0,0,0,0,0,0,0,0,0,0,0,0,0,0,0,0,0,0,0,0,0,0,16,16,0
245102502054,903,385,9,17,45,13,6,85,6,19,18,31,24,60,23,23,6,0,166,0,0,0,0,0,0,0,0,0,0,0,0,0,0,0,0,13,104,30,10,0,0,0,0,385,219,166
245102704022,557,196,0,0,7,6,0,0,15,0,10,55,38,17,8,40,0,0,12,0,0,0,0,0,0,0,0,0,0,0,0,0,0,0,0,0,0,0,0,12,0,0,0,196,184,12
245100203003,1264,738,0,0,34,0,7,30,0,0,0,10,50,77,131,56,71,272,605,0,0,0,0,0,0,0,0,0,0,0,0,34,0,0,0,0,0,41,91,150,101,113,58,738,133,605
245102704021,716,261,14,0,17,13,19,0,0,0,0,29,34,47,32,51,5,0,28,0,0,0,0,0,0,0,0,0,0,0,0,0,0,0,0,0,0,7,15,0,0,0,0,261,233,28
245100301001,1406,622,178,82,89,35,48,14,7,0,14,0,80,29,13,26,7,0,572,43,23,68,118,105,38,0,0,3,0,0,0,62,32,0,0,0,29,15,36,0,0,0,0,622,50,572
245101702003,482,297,129,48,37,18,0,0,9,10,0,10,0,0,36,0,0,0,297,0,0,22,53,37,70,29,0,0,0,8,10,0,0,0,0,32,8,0,16,5,0,0,0,297,0,297
245100301002,1290,432,51,59,83,11,9,28,0,0,40,0,0,93,30,28,0,0,255,0,0,15,9,11,0,0,9,0,0,12,50,0,0,0,0,0,41,91,17,0,0,0,0,432,177,255
245100302002,1090,642,5,12,29,22,0,15,9,28,11,49,29,46,86,42,74,185,403,0,0,0,0,0,0,0,0,0,0,0,0,0,0,0,0,12,13,10,46,157,74,52,39,642,239,403
245100302001,1237,519,115,60,13,0,0,38,35,46,17,0,7,30,22,63,41,32,381,0,0,0,27,0,10,67,0,13,13,27,0,0,0,38,0,7,95,0,32,32,20,0,0,519,138,381
245101607004,832,321,76,43,0,25,42,22,65,16,10,18,4,0,0,0,0,0,175,0,14,0,36,0,0,12,0,7,0,11,0,0,0,0,38,0,23,25,9,0,0,0,0,321,146,175
245101607005,584,212,15,0,0,38,16,0,32,14,0,23,30,0,21,0,0,23,105,0,0,0,0,0,0,0,0,0,0,0,8,0,10,0,30,0,22,35,0,0,0,0,0,212,107,105
245101607003,468,124,30,0,59,0,0,0,0,0,0,24,11,0,0,0,0,0,112,0,0,0,0,0,0,0,0,0,0,0,0,0,26,0,0,0,42,33,11,0,0,0,0,124,12,112
245101607007,774,242,33,11,9,0,8,42,11,17,48,20,23,10,0,0,10,0,196,0,0,0,0,0,0,9,0,0,0,0,0,0,5,0,25,47,47,63,0,0,0,0,0,242,46,196
245101702001,1804,828,330,128,73,66,37,85,64,17,14,7,0,7,0,0,0,0,803,45,21,18,197,33,100,20,78,36,23,52,17,7,41,0,45,14,0,56,0,0,0,0,0,828,25,803
245100401001,2146,1202,120,25,0,0,0,25,0,56,76,108,228,165,139,74,53,133,1027,0,0,0,0,0,0,0,0,0,0,0,0,0,0,0,0,0,16,311,492,61,99,19,0,1202,175,1027
245100602005,422,152,57,0,0,0,23,0,0,15,9,0,16,0,19,0,13,0,121,0,0,0,0,0,0,0,0,0,0,23,0,0,0,0,0,0,29,24,33,12,0,0,0,152,31,121
245100602004,848,296,38,8,0,0,18,9,0,0,0,11,44,37,49,15,26,41,132,0,0,0,0,0,0,0,0,0,0,0,0,0,0,0,0,0,18,11,103,0,0,0,0,296,164,132
245102604032,128,32,0,0,0,0,0,0,0,0,0,0,0,0,0,32,0,0,0,0,0,0,0,0,0,0,0,0,0,0,0,0,0,0,0,0,0,0,0,0,0,0,0,32,32,0
245102604031,1553,666,28,84,30,50,97,87,48,35,10,42,74,8,39,34,0,0,567,0,0,0,0,0,0,0,0,0,0,0,33,34,19,58,184,18,61,113,29,10,0,0,0,666,99,567
245102302002,1224,520,13,22,0,12,11,0,22,0,0,10,59,28,113,80,65,85,199,0,0,0,0,0,0,12,0,0,0,0,0,0,0,0,0,0,12,20,92,43,5,15,0,520,321,199
245102601023,766,217,0,0,14,0,0,8,42,0,17,56,0,31,22,13,0,14,76,0,0,0,0,0,0,0,0,0,0,0,0,0,0,0,0,56,0,0,20,0,0,0,0,217,141,76
245102601025,1681,480,27,19,40,12,44,19,0,13,0,40,65,61,21,64,29,26,101,0,0,0,0,0,0,0,0,0,0,0,0,0,0,14,0,0,0,46,41,0,0,0,0,480,379,101
245102601021,1062,396,62,27,22,10,15,7,17,31,8,38,82,23,6,11,25,12,59,0,0,0,0,0,0,0,0,0,0,0,0,0,0,0,20,0,0,39,0,0,0,0,0,396,337,59
245102603031,912,416,148,43,49,0,28,0,29,0,8,22,17,23,13,23,13,0,312,0,4,5,23,10,11,7,8,22,28,0,0,4,4,0,4,34,61,48,35,4,0,0,0,416,104,312
245102704013,1246,455,121,24,0,0,0,0,69,34,0,23,0,63,63,40,0,18,124,0,0,0,0,0,0,0,0,0,0,0,0,0,0,0,55,0,49,0,20,0,0,0,0,455,331,124
245102704012,1376,501,18,22,0,18,31,15,19,16,0,56,35,70,139,0,34,28,153,0,0,0,0,0,0,0,0,0,0,0,0,0,0,0,0,0,80,0,55,0,0,0,0,501,348,153
245102704014,841,339,0,36,0,16,65,0,0,0,16,0,33,63,58,40,0,12,0,0,0,0,0,0,0,0,0,0,0,0,0,0,0,0,0,0,0,0,0,0,0,0,0,339,339,0
245102804011,685,309,0,52,43,32,9,0,12,0,0,26,28,58,23,0,8,18,120,0,0,0,0,0,12,0,0,15,0,0,0,12,0,0,0,33,15,12,0,12,0,0,0,309,189,120
245102804015,509,243,12,8,0,23,23,11,0,25,27,12,30,57,0,0,15,0,120,0,0,0,0,0,0,0,0,0,0,0,0,0,0,24,39,0,14,35,8,0,0,0,0,243,123,120
245102804012,606,237,0,0,0,0,19,0,0,37,0,17,28,12,23,45,47,9,12,0,0,0,0,0,0,0,0,0,0,0,0,0,0,0,0,0,12,0,0,0,0,0,0,237,225,12
245102703022,940,363,33,6,0,14,10,0,1,57,14,22,52,55,29,45,25,0,97,0,0,6,0,0,0,0,0,0,0,0,0,18,0,0,0,0,35,3,35,0,0,0,0,363,266,97
245102707023,590,298,0,26,6,18,0,22,19,0,16,48,49,13,30,29,5,17,86,0,0,0,0,0,0,0,0,0,0,0,0,0,7,5,0,20,37,17,0,0,0,0,0,298,212,86
245102707021,741,356,28,0,12,9,51,27,21,3,36,89,37,6,30,0,0,7,347,0,0,0,0,5,0,0,0,0,0,0,0,0,28,0,59,45,189,21,0,0,0,0,0,356,9,347
245102606051,1218,368,6,18,33,7,68,6,9,51,8,30,18,70,30,0,14,0,21,0,0,0,0,0,0,0,0,0,0,0,0,0,0,0,0,0,0,0,0,21,0,0,0,368,347,21
245101002001,663,305,140,60,23,0,0,19,0,0,12,39,0,12,0,0,0,0,286,0,19,43,28,48,0,8,7,15,11,0,8,0,0,0,0,40,51,0,0,0,0,0,0,305,19,286
245101002002,1239,560,169,16,11,83,101,0,0,0,9,76,0,88,7,0,0,0,477,0,0,39,32,62,25,0,66,37,0,0,0,0,51,16,52,32,65,0,0,0,0,0,0,560,83,477
245101508003,1897,437,46,23,0,38,27,59,10,0,13,11,50,67,30,32,0,31,216,0,0,0,0,0,0,29,0,0,0,0,0,7,9,0,0,17,79,28,0,0,0,0,0,437,221,216
245101508002,786,371,140,18,27,43,22,0,28,0,17,42,0,0,11,0,23,0,320,0,0,0,0,0,0,0,0,0,10,0,29,0,0,69,23,78,79,0,22,0,10,0,0,371,51,320
245102604011,663,222,45,39,0,9,0,25,13,37,0,37,0,0,17,0,0,0,51,0,0,0,0,0,0,0,0,9,21,9,12,0,0,0,0,0,0,0,0,0,0,0,0,222,171,51
245102604013,455,190,25,9,0,34,25,26,0,25,5,37,0,0,4,0,0,0,129,0,0,0,0,0,0,25,11,8,0,25,0,0,26,0,0,0,25,0,0,0,0,0,0,190,61,129
245102703011,476,198,9,0,0,6,9,11,0,14,8,28,28,16,27,0,7,35,60,0,9,0,0,0,0,0,0,0,0,0,0,0,0,9,8,0,21,13,0,0,0,0,0,198,138,60
245102703012,951,294,37,7,0,22,0,15,0,8,0,0,7,68,88,3,39,0,73,0,0,0,0,0,0,0,0,0,0,0,0,10,0,11,0,0,41,0,11,0,0,0,0,294,221,73
245102703013,771,204,0,0,8,9,0,0,13,0,28,41,34,18,10,0,40,3,41,0,0,0,0,0,0,0,0,0,0,0,0,0,0,0,0,0,0,41,0,0,0,0,0,204,163,41
245102708022,1227,574,42,71,21,58,0,54,18,68,0,96,36,110,0,0,0,0,411,19,0,0,0,52,0,0,0,0,0,0,0,0,0,0,43,167,94,0,23,13,0,0,0,574,163,411
245102708023,1023,502,157,0,20,0,0,0,0,51,17,103,20,77,17,18,0,22,406,0,0,0,38,0,0,0,0,0,114,0,0,0,0,0,87,111,56,0,0,0,0,0,0,502,96,406
245102708042,654,325,44,16,49,14,16,9,35,14,0,0,0,43,43,9,26,7,207,0,0,0,0,0,0,10,10,0,0,0,7,0,0,0,23,30,33,43,51,0,0,0,0,325,118,207
245102708043,454,235,0,0,7,8,7,0,27,0,21,23,9,40,23,26,30,14,78,0,0,0,0,0,0,0,0,0,0,0,0,9,0,0,0,60,9,0,0,0,0,0,0,235,157,78
245102708044,825,393,42,51,26,23,7,0,0,16,0,0,16,80,68,26,28,10,188,0,7,0,9,27,36,8,30,7,19,0,0,0,0,0,0,0,36,0,9,0,0,0,0,393,205,188
245102708052,1157,366,48,5,18,52,7,38,9,0,38,36,50,21,22,9,0,13,138,0,0,0,0,0,0,0,0,0,26,0,0,0,0,27,33,4,10,15,23,0,0,0,0,366,228,138
245102708051,1138,407,0,13,45,9,32,36,0,29,0,69,59,47,24,7,25,12,8,0,0,0,0,0,0,0,0,0,0,0,0,0,0,0,0,0,8,0,0,0,0,0,0,407,399,8
245102708055,1401,481,20,0,44,0,0,0,0,26,19,78,30,101,39,56,68,0,88,0,0,0,0,0,0,0,0,0,0,0,0,0,0,0,0,0,38,11,39,0,0,0,0,481,393,88
245102711022,700,264,0,0,0,0,0,0,0,0,21,11,25,0,19,11,58,119,0,0,0,0,0,0,0,0,0,0,0,0,0,0,0,0,0,0,0,0,0,0,0,0,0,264,264,0
245102718022,410,153,19,5,0,5,26,54,0,4,13,7,4,5,0,11,0,0,98,0,0,0,0,0,0,0,0,0,7,0,0,0,0,0,5,0,26,60,0,0,0,0,0,153,55,98
245102718021,521,133,66,4,0,0,0,18,4,22,0,0,6,4,9,0,0,0,113,0,0,0,0,0,0,0,0,0,0,0,31,0,0,30,25,0,9,12,0,0,0,0,0,133,20,113
245102718023,466,217,36,35,10,18,5,19,9,40,0,19,10,12,0,4,0,0,123,0,0,0,0,0,0,0,0,0,0,7,0,0,17,0,19,44,31,5,0,0,0,0,0,217,94,123
245102801011,1458,440,77,20,8,0,0,33,19,21,9,0,96,75,15,0,21,46,154,0,0,0,0,0,0,0,0,0,0,0,0,0,0,0,0,0,18,31,77,8,0,0,0,440,286,154
245102801013,924,320,81,10,33,11,17,0,0,12,37,41,19,59,0,0,0,0,110,0,0,0,0,0,0,0,0,0,0,0,0,0,0,0,21,0,18,38,13,0,0,0,0,320,210,110
245102804034,449,209,0,0,0,0,23,11,46,0,0,21,24,40,0,0,0,44,96,0,0,0,0,0,0,0,0,0,0,0,0,0,0,25,0,11,47,0,0,0,0,0,0,209,113,96
245102804033,2637,933,11,0,59,0,19,148,33,81,0,77,208,116,143,0,4,34,608,0,0,0,0,0,0,0,0,0,0,0,0,0,0,81,47,149,114,148,69,0,0,0,0,933,325,608
245102804035,493,192,0,0,0,22,0,0,0,0,0,10,0,11,33,47,0,69,65,0,0,0,0,0,0,0,0,0,0,0,0,0,0,0,0,0,0,42,0,0,23,0,0,192,127,65
245102804032,981,451,39,0,45,23,0,0,0,0,36,22,40,109,43,94,0,0,272,0,0,0,0,0,0,23,0,0,0,0,0,0,0,0,0,68,160,0,0,21,0,0,0,451,179,272
245102713001,1178,545,9,12,0,0,0,0,10,0,0,9,80,43,71,38,46,227,183,0,0,0,0,0,0,0,0,0,0,0,0,0,0,0,0,0,43,96,21,23,0,0,0,545,362,183
245102713002,536,240,0,0,10,0,64,12,0,0,0,11,11,25,22,24,33,28,128,0,0,0,0,0,0,0,0,0,0,0,0,0,0,0,65,12,12,0,24,15,0,0,0,240,112,128
245102501033,778,329,58,6,8,12,19,0,0,33,15,34,50,45,30,7,0,12,91,0,0,0,0,0,29,0,0,0,0,0,0,0,16,0,0,0,17,21,8,0,0,0,0,329,238,91
245102501031,1418,609,141,94,102,7,56,13,35,7,17,16,28,19,66,8,0,0,434,0,0,0,58,76,67,50,17,16,16,0,52,28,0,14,0,0,0,23,17,0,0,0,0,609,175,434
245102801021,431,160,34,0,12,14,0,83,0,17,0,0,0,0,0,0,0,0,60,0,0,0,14,0,0,0,0,0,0,0,0,12,16,0,18,0,0,0,0,0,0,0,0,160,100,60
245101510006,541,184,57,12,0,14,32,0,23,18,0,0,0,6,11,11,0,0,58,0,0,0,0,0,0,0,0,0,0,0,0,0,0,0,0,58,0,0,0,0,0,0,0,184,126,58
245101510002,847,313,55,15,22,9,0,73,22,23,0,25,39,0,0,22,8,0,122,0,15,25,0,0,0,0,0,0,0,0,0,0,0,0,8,25,0,23,26,0,0,0,0,313,191,122
245101512001,1669,822,225,117,129,47,82,41,13,54,0,65,0,38,0,0,11,0,622,0,0,15,168,56,53,17,20,72,33,52,0,0,0,0,0,0,68,6,11,0,0,0,0,822,200,622
245101512003,958,247,19,25,0,61,23,30,25,0,0,10,0,22,0,32,0,0,163,0,0,0,0,0,0,0,0,0,0,0,0,0,7,0,25,0,10,91,0,0,0,0,0,247,84,163
245101512002,580,101,0,24,0,8,0,6,27,8,7,0,0,0,0,0,21,0,80,0,0,0,0,0,0,0,0,0,24,0,0,0,0,0,0,0,35,21,0,0,0,0,0,101,21,80
245100808002,1313,377,98,26,14,0,22,8,6,0,22,38,29,57,37,6,8,6,283,0,6,26,0,7,0,29,0,26,0,6,12,0,0,0,0,17,5,34,72,14,0,0,0,377,94,283
245100801022,1341,468,56,33,30,33,7,84,4,35,26,44,27,42,30,17,0,0,268,0,0,0,0,0,0,0,0,0,0,6,0,0,0,14,15,29,64,55,70,0,9,0,0,468,200,268
245100802002,406,178,70,16,13,0,30,0,7,5,0,10,0,19,8,0,0,0,128,27,0,0,0,0,0,0,13,0,0,0,0,0,3,0,14,7,24,11,29,0,0,0,0,178,50,128
245100802003,594,248,62,18,18,3,11,10,24,18,0,28,13,30,13,0,0,0,133,0,0,0,25,20,5,0,26,0,0,0,12,0,0,0,0,0,41,4,0,0,0,0,0,248,115,133
245100806004,440,193,28,24,17,24,0,20,5,7,16,0,16,12,12,12,0,0,107,0,16,0,0,0,0,0,17,0,0,0,7,10,0,0,17,0,0,16,10,0,0,0,0,193,86,107
245100806003,277,114,14,8,20,0,0,17,0,11,0,2,7,20,15,0,0,0,16,0,0,0,0,0,0,0,0,0,0,0,0,0,0,0,0,0,2,0,0,0,0,0,0,114,98,16
245100806002,677,203,21,32,12,7,11,0,0,10,50,33,0,7,9,11,0,0,101,0,0,0,0,0,0,0,0,0,0,0,0,0,14,0,22,34,11,8,0,12,0,0,0,203,102,101
245100904001,1057,352,34,24,6,44,32,27,38,5,16,73,10,26,9,3,5,0,230,0,0,0,0,0,0,0,5,0,0,17,0,25,1,0,0,49,37,63,27,0,6,0,0,352,122,230
245100907001,1558,425,16,11,39,51,67,36,0,0,0,104,101,0,0,0,0,0,212,0,0,0,0,0,0,0,0,0,0,0,0,0,9,0,0,31,114,52,6,0,0,0,0,425,213,212
245100907004,277,170,66,0,41,0,0,0,0,9,8,16,11,0,19,0,0,0,118,0,0,0,0,0,3,0,0,0,0,36,0,0,0,0,0,68,11,0,0,0,0,0,0,170,52,118
245102707022,624,248,3,6,7,5,5,5,18,34,0,45,12,76,6,5,19,2,76,0,0,0,0,0,0,0,0,0,0,0,0,6,0,5,22,0,39,4,0,0,0,0,0,248,172,76
245102709031,2033,448,40,23,18,9,0,26,41,38,57,95,34,18,35,0,7,7,218,0,0,0,0,0,0,0,0,0,40,0,0,12,0,0,0,0,99,0,67,0,0,0,0,448,230,218
245102709032,2083,400,13,0,0,35,26,0,0,38,0,11,14,31,96,62,46,28,158,0,0,0,0,0,0,0,0,0,7,0,0,0,18,0,9,0,70,45,0,0,0,0,0,400,242,158
245102709033,694,370,79,34,56,11,11,31,0,10,38,10,32,12,21,25,0,0,161,0,0,0,12,0,0,0,0,0,0,0,10,0,7,27,0,13,25,38,0,0,0,0,0,370,209,161
245102711013,890,302,23,32,0,11,6,6,18,11,0,14,29,30,43,8,46,25,125,0,0,6,17,0,0,0,0,0,0,0,0,16,0,0,6,26,5,17,0,6,0,0,0,302,177,125
245101202023,1922,151,55,6,0,0,0,4,0,0,0,0,0,18,16,0,34,18,83,0,0,0,0,0,0,0,0,0,0,0,0,0,4,0,6,0,7,13,20,33,0,0,0,151,68,83
245101202022,563,299,65,37,16,13,0,28,0,0,77,27,0,20,16,0,0,0,299,0,0,0,0,0,0,0,0,0,0,0,0,0,0,0,0,92,163,25,0,19,0,0,0,299,0,299
245101202024,1829,790,21,12,59,82,55,115,85,35,57,53,0,79,32,0,57,48,564,0,0,0,0,0,0,33,17,0,15,0,0,0,0,46,107,104,101,72,50,0,13,6,0,790,226,564
245100901005,830,310,65,26,40,0,27,0,0,18,91,8,18,0,8,0,9,0,216,0,0,0,0,0,0,0,0,0,0,14,40,0,27,13,0,30,8,29,29,0,0,0,0,310,94,216
245100901004,572,280,38,37,8,0,12,44,29,30,0,19,0,31,23,9,0,0,129,0,0,0,13,26,12,0,27,0,0,0,9,0,12,0,0,0,30,0,0,0,0,0,0,280,151,129
245100901003,657,269,0,0,12,24,9,0,0,13,10,15,76,54,19,3,6,28,86,0,0,0,0,12,0,0,0,0,0,0,0,0,0,0,0,0,12,9,12,0,0,0,0,269,183,86
245102003002,1184,354,98,25,12,58,15,11,7,22,16,26,17,15,25,0,7,0,253,0,0,0,0,0,12,0,0,0,0,0,13,0,5,18,0,29,112,29,30,0,0,0,0,354,101,253
245102715014,957,366,0,8,7,7,15,6,8,16,0,0,15,51,33,24,77,99,44,0,0,0,0,0,0,0,0,0,0,0,0,0,0,0,0,0,32,12,0,0,0,0,0,366,322,44
245102715015,1381,632,35,0,0,0,15,11,13,16,14,108,99,113,96,37,36,39,463,0,0,0,0,0,0,0,0,0,0,0,0,0,0,0,0,22,239,77,88,20,9,0,0,632,169,463
245102715012,397,174,12,7,0,5,12,7,0,0,0,18,24,0,24,8,25,32,28,0,0,0,0,0,0,0,0,0,0,0,0,0,0,0,0,10,0,0,12,6,0,0,0,174,146,28
245102715011,576,267,9,9,7,0,15,6,0,15,0,8,32,21,25,13,47,60,7,0,0,0,0,0,0,0,0,0,0,0,0,0,0,0,0,0,0,0,0,0,0,0,0,267,260,7
245102502031,1146,381,44,14,39,6,22,62,0,42,21,13,27,30,36,13,0,12,275,0,0,0,16,0,0,0,0,0,0,0,0,0,0,0,0,26,152,40,21,0,0,0,0,381,106,275
245101102003,1861,1168,326,39,44,55,0,61,64,48,47,44,111,83,89,18,83,56,1026,17,0,0,36,96,0,16,7,0,0,0,0,16,0,13,33,74,198,296,189,35,0,0,0,1168,142,1026
245101508001,766,357,52,26,35,26,28,0,39,25,26,13,47,18,11,0,11,0,133,0,0,0,0,0,0,0,0,0,0,0,0,0,0,0,57,26,0,7,17,0,0,0,0,357,224,133
245101703002,823,385,80,0,40,22,29,17,6,4,7,73,34,42,11,6,0,14,201,0,0,0,9,6,44,0,0,0,0,12,10,6,11,0,18,39,17,0,21,0,0,0,0,385,184,201
245102404002,479,210,0,0,0,0,0,0,0,0,0,8,56,42,50,10,44,0,182,0,0,0,0,0,0,0,0,0,0,0,0,0,0,0,0,0,0,19,47,116,0,0,0,210,28,182
245102404003,1071,484,0,0,7,0,9,8,15,12,0,17,52,82,56,76,97,53,64,0,0,0,0,0,0,0,0,0,0,0,0,0,0,0,0,0,0,0,17,28,12,7,0,484,420,64
245102709021,2060,658,33,72,45,10,29,10,50,51,69,26,115,98,0,12,32,6,50,0,0,0,0,0,0,0,0,0,0,0,0,0,0,0,0,0,0,30,20,0,0,0,0,658,608,50
245102709022,2133,338,6,37,6,26,18,12,18,7,14,7,43,100,18,0,21,5,31,0,0,0,0,0,0,0,0,0,0,0,0,0,16,0,0,0,0,0,0,15,0,0,0,338,307,31
245102710025,871,260,27,21,14,22,53,9,21,0,12,11,34,0,8,28,0,0,69,0,0,0,0,0,0,0,0,0,0,8,0,0,9,0,0,0,45,0,7,0,0,0,0,260,191,69
245102710021,1617,598,34,12,38,7,40,118,23,20,0,24,95,72,49,9,35,22,154,0,0,0,0,0,0,0,0,0,0,0,0,0,0,0,36,14,21,11,31,19,0,0,0,598,444,154
245102710023,370,176,23,19,10,0,0,11,53,0,0,40,20,0,0,0,0,0,23,23,0,0,0,0,0,0,0,0,0,0,0,0,0,0,0,0,0,0,0,0,0,0,0,176,153,23
245102710024,683,255,110,0,11,23,13,0,13,0,0,11,34,40,0,0,0,0,131,0,0,31,11,0,0,0,0,0,0,0,0,10,0,0,26,0,13,30,0,0,0,0,0,255,124,131
245102604022,1686,612,99,48,7,89,14,55,30,40,4,50,47,78,37,14,0,0,427,0,7,20,6,0,0,0,7,0,0,35,0,0,79,17,72,127,20,27,0,0,0,0,0,612,185,427
245102712002,1262,459,16,33,0,14,0,17,0,0,6,60,75,108,86,28,8,8,188,0,0,0,0,0,0,0,0,0,0,0,16,0,0,48,0,16,13,0,58,0,0,0,37,459,271,188
245102712005,1013,292,0,0,0,0,0,0,0,0,0,0,12,24,14,0,28,214,0,0,0,0,0,0,0,0,0,0,0,0,0,0,0,0,0,0,0,0,0,0,0,0,0,292,292,0
245102712001,818,234,15,0,0,12,0,13,0,0,0,43,0,21,39,27,0,64,68,0,0,0,0,0,0,0,0,0,0,0,0,0,0,0,0,41,27,0,0,0,0,0,0,234,166,68
245101601002,335,101,17,0,0,13,0,63,0,0,0,0,0,8,0,0,0,0,83,0,0,0,0,0,53,0,0,0,0,0,0,0,0,17,0,0,0,0,0,0,0,0,0,101,18,83
245101601001,169,80,4,43,9,0,3,0,0,0,0,0,10,0,0,0,11,0,56,0,0,0,0,0,0,0,0,0,0,0,0,0,0,0,20,4,0,23,9,0,0,0,0,80,24,56
245102102002,1822,726,211,73,23,23,40,24,54,0,13,73,24,52,16,11,34,55,422,0,0,15,50,59,0,0,4,8,0,8,46,0,0,0,11,0,45,91,48,0,11,0,0,726,304,422
245102102001,1671,610,37,73,14,21,4,54,0,41,24,82,46,18,40,105,41,10,237,0,0,0,0,0,0,0,0,0,0,0,39,0,0,0,7,12,35,83,61,0,0,0,0,610,373,237
245102403001,883,467,40,0,41,7,11,0,0,8,4,27,42,42,36,77,67,65,306,0,0,0,0,0,0,0,0,16,0,0,0,0,25,0,0,0,27,0,71,40,77,23,0,467,161,306
245102403003,597,265,0,0,0,0,0,0,6,0,0,18,8,50,30,58,35,60,96,0,0,0,0,0,0,0,0,0,0,0,0,0,0,0,0,5,10,36,34,5,6,0,0,265,169,96
245102602031,2143,684,31,107,64,6,54,91,67,3,20,31,5,127,52,26,0,0,446,0,0,6,6,5,0,32,22,0,43,18,0,43,0,0,4,35,31,81,100,0,20,0,0,684,238,446
245102606041,603,171,38,47,11,10,19,0,9,18,0,0,5,14,0,0,0,0,116,8,6,0,51,0,7,16,0,0,0,0,11,0,8,0,0,0,0,9,0,0,0,0,0,171,55,116
245102606043,638,208,49,44,0,26,31,0,0,19,11,4,0,12,12,0,0,0,185,0,10,17,56,0,12,0,0,26,0,0,0,0,0,0,29,0,12,23,0,0,0,0,0,208,23,185
245102702003,466,146,0,4,0,7,0,5,0,7,12,9,2,37,29,16,7,11,18,0,0,0,0,0,0,0,0,0,0,0,0,0,0,0,0,5,6,0,3,0,0,0,0,146,128,18
245102711011,1060,562,97,77,15,0,54,18,35,5,3,41,49,62,14,42,28,22,386,0,0,0,76,12,24,10,0,17,0,0,0,0,6,0,0,0,35,87,30,64,6,0,0,562,176,386
245102711012,51,13,0,0,0,0,0,0,0,0,0,0,0,0,0,0,0,13,0,0,0,0,0,0,0,0,0,0,0,0,0,0,0,0,0,0,0,0,0,0,0,0,0,13,13,0
245102718013,1637,579,70,49,37,8,54,0,17,11,0,101,88,76,0,11,57,0,169,0,0,0,0,0,0,0,38,0,35,0,0,0,0,0,9,26,30,0,31,0,0,0,0,579,410,169
245102718011,452,262,43,17,17,30,18,68,0,0,10,0,9,8,13,0,0,29,110,0,0,0,0,0,0,0,0,16,0,0,23,47,0,0,0,8,10,0,0,0,0,0,0,262,152,110
245102718012,813,391,108,36,45,43,29,34,9,9,0,8,19,29,11,0,0,11,292,9,0,7,46,34,8,8,29,0,11,8,0,0,11,0,29,9,46,10,10,0,0,0,0,391,99,292
245102602013,599,277,8,0,86,42,16,46,0,0,0,0,11,37,31,0,0,0,132,0,0,0,0,0,0,0,0,0,0,0,0,0,8,0,0,60,64,0,0,0,0,0,0,277,145,132
245102602011,1061,387,17,0,14,0,42,120,0,35,0,0,59,19,22,59,0,0,96,0,0,0,0,0,0,0,0,0,0,0,0,0,0,0,0,0,31,37,0,28,0,0,0,387,291,96
245102602012,1934,559,13,0,27,21,0,0,21,0,41,84,67,68,196,21,0,0,310,0,0,0,0,0,0,0,0,0,0,0,0,41,0,27,0,45,45,77,75,0,0,0,0,559,249,310
245102602014,2105,1084,272,176,66,23,18,108,66,167,41,80,0,54,13,0,0,0,1071,0,0,0,14,41,0,0,0,0,0,0,78,46,79,92,355,199,86,62,0,0,0,0,0,1084,13,1071
245102801023,228,117,40,0,0,0,0,4,44,0,14,0,0,0,8,0,7,0,84,0,0,0,0,30,0,0,0,0,0,0,0,44,0,0,0,10,0,0,0,0,0,0,0,117,33,84
245102801022,1287,406,64,0,0,36,0,0,0,18,11,80,131,47,6,13,0,0,105,0,0,0,0,0,0,0,0,0,0,0,30,0,0,0,0,52,0,9,0,0,0,0,0,406,301,105
245102801024,1916,730,88,75,0,17,42,0,69,10,17,64,147,42,113,0,46,0,279,0,0,0,0,0,0,0,0,0,0,0,0,0,0,0,70,34,85,20,70,0,0,0,0,730,451,279
245102008001,750,298,66,47,0,20,34,7,17,11,7,10,27,32,20,0,0,0,198,11,0,0,16,19,0,0,0,13,17,8,0,14,0,10,13,48,0,17,12,0,0,0,0,298,100,198
245102008002,856,308,32,8,30,0,18,28,0,40,11,38,21,47,9,0,13,13,74,0,0,0,0,0,0,0,13,0,6,0,0,0,13,0,0,13,24,0,0,0,0,0,0,308,234,74
245102008003,522,184,43,8,0,31,0,0,0,0,30,10,18,37,0,0,7,0,70,0,0,0,0,0,0,12,0,0,10,0,0,0,0,0,12,0,7,20,9,0,0,0,0,184,114,70
245102402001,2130,1047,34,15,23,28,47,0,19,9,7,20,70,82,79,105,165,344,342,0,0,0,0,0,0,0,0,0,0,0,0,0,0,0,0,10,13,9,92,147,28,34,9,1047,705,342
245102402002,814,378,0,0,0,0,0,8,5,11,14,11,41,50,49,39,50,100,74,0,0,0,0,0,0,0,0,0,0,0,0,0,0,0,0,0,0,8,30,21,6,0,9,378,304,74
245102502041,1629,464,142,50,55,37,32,27,44,0,6,0,9,18,16,20,8,0,433,17,75,102,52,55,23,53,8,10,0,0,31,7,0,0,0,0,0,0,0,0,0,0,0,464,31,433
245102502042,2612,1020,346,167,184,41,11,18,29,36,56,56,13,34,16,0,0,13,940,110,33,63,75,122,56,56,25,46,18,59,51,27,0,41,24,18,65,34,17,0,0,0,0,1020,80,940
245102502061,610,297,58,8,0,0,22,0,38,27,0,43,52,11,38,0,0,0,119,0,0,58,0,0,0,0,0,0,0,0,0,0,0,8,12,22,0,0,19,0,0,0,0,297,178,119
245102502062,939,312,21,0,0,0,10,26,21,0,15,7,49,69,25,69,0,0,41,0,0,0,0,0,0,0,0,0,0,0,0,0,0,0,0,27,0,14,0,0,0,0,0,312,271,41
245102502063,667,253,43,0,7,0,0,0,41,0,17,29,44,30,12,0,12,18,76,0,0,0,0,0,0,0,0,0,0,0,0,0,7,0,0,0,27,42,0,0,0,0,0,253,177,76
245102505004,969,366,60,0,0,44,0,100,13,32,0,12,33,28,21,15,8,0,196,0,0,0,0,0,0,0,0,0,14,0,0,0,32,13,33,31,0,59,14,0,0,0,0,366,170,196
245102505005,2005,822,50,136,76,26,0,80,138,46,64,68,11,54,73,0,0,0,544,0,0,0,50,0,0,0,0,51,10,0,0,0,15,133,90,0,171,0,12,0,12,0,0,822,278,544
245102505002,35,35,35,0,0,0,0,0,0,0,0,0,0,0,0,0,0,0,35,0,0,0,0,0,0,0,0,0,0,0,0,0,0,0,35,0,0,0,0,0,0,0,0,35,0,35
245102601013,1235,610,20,10,15,10,84,44,54,77,31,71,109,2,52,18,0,13,489,0,0,0,0,0,0,0,0,0,0,0,0,0,0,12,56,86,279,42,10,0,0,0,0,610,121,489
245102601014,860,293,17,0,19,5,0,0,0,6,23,53,87,23,14,0,46,0,59,0,0,0,0,0,0,0,0,0,0,0,0,0,0,0,0,39,20,0,0,0,0,0,0,293,234,59
245102601012,818,232,13,0,0,5,0,36,11,0,4,0,24,35,20,20,64,0,0,0,0,0,0,0,0,0,0,0,0,0,0,0,0,0,0,0,0,0,0,0,0,0,0,232,232,0
245102603015,1140,272,29,40,11,0,0,31,12,11,10,3,34,78,0,13,0,0,113,0,0,0,0,0,0,0,0,0,0,0,0,0,0,0,10,0,29,3,11,29,0,0,0,272,159,113
245102603014,990,315,10,63,14,39,19,12,11,0,16,51,13,55,0,12,0,0,117,0,0,0,0,0,0,0,0,0,0,0,0,0,0,0,0,0,18,77,22,0,0,0,0,315,198,117
245102603013,859,261,17,4,9,27,8,10,33,12,41,0,43,50,7,0,0,0,124,0,0,0,0,0,0,0,0,4,0,0,11,0,0,0,33,0,23,19,34,0,0,0,0,261,137,124
245102706001,648,254,0,0,0,8,24,0,0,9,27,39,39,24,13,32,28,11,49,0,0,0,0,0,0,0,0,0,0,0,0,0,7,0,0,28,0,0,14,0,0,0,0,254,205,49
245102706006,411,163,0,43,9,0,0,0,19,0,0,38,8,31,0,15,0,0,0,0,0,0,0,0,0,0,0,0,0,0,0,0,0,0,0,0,0,0,0,0,0,0,0,163,163,0
245102706003,714,358,0,26,89,15,19,10,23,16,0,15,14,94,9,0,18,10,139,10,0,0,0,0,0,0,0,0,0,0,0,0,11,0,4,63,0,0,35,0,0,0,0,358,219,139
245102706005,901,311,10,0,0,17,45,0,0,67,0,92,43,10,10,17,0,0,42,0,0,0,0,0,0,0,0,0,0,0,0,0,0,0,0,25,0,0,0,0,0,0,0,311,269,42
245100101003,1075,436,8,7,19,25,0,10,0,32,29,10,50,48,33,20,76,69,135,0,0,0,0,0,0,0,0,0,0,0,0,0,0,0,9,0,0,19,9,44,27,19,8,436,301,135
245100105001,958,342,16,3,0,7,4,0,17,0,3,27,17,17,26,40,80,85,93,0,0,0,0,0,0,0,0,0,0,0,0,0,0,0,4,0,9,10,30,18,7,7,0,342,249,93
245100702004,571,204,45,18,22,0,0,0,25,0,12,0,34,29,19,0,0,0,139,0,0,0,0,0,0,0,0,22,0,0,0,0,0,18,0,21,63,15,0,0,0,0,0,204,65,139
